id,approval,continuous
1,0.6589978723404255,0.6589978723404255
2,0.6589978723404255,0.6589978723404255
3,0.4051555555555556,0.4051555555555556
4,0.5856973913043477,0.5856973913043477
5,0.5856973913043477,0.5856973913043477
6,0.6589978723404255,0.6589978723404255
7,0.6589978723404255,0.6589978723404255
8,0.6589978723404255,0.6589978723404255
9,0.6589978723404255,0.6589978723404255
10,0.5856973913043477,0.5856973913043477
11,0.0,0.0
12,0.5856973913043477,0.5856973913043477
13,0.4051555555555556,0.4051555555555556
14,0.5856973913043477,0.5856973913043477
15,0.4051555555555556,0.4051555555555556
16,0.5856973913043477,0.5856973913043477
17,0.6589978723404255,0.6589978723404255
18,0.5856973913043477,0.5856973913043477
19,0.5856973913043477,0.5856973913043477
20,0.5856973913043477,0.5856973913043477
21,2.2446,2.2446
22,0.5856973913043477,0.5856973913043477
23,0.6589978723404255,0.6589978723404255
24,0.5856973913043477,0.5856973913043477
25,0.6589978723404255,0.6589978723404255
26,0.4051555555555556,0.4051555555555556
27,0.5856973913043477,0.5856973913043477
28,0.5856973913043477,0.5856973913043477
29,0.4051555555555556,0.4051555555555556
30,0.5856973913043477,0.5856973913043477
31,8.454461538461539,8.454461538461539
32,0.5856973913043477,0.5856973913043477
33,0.4051555555555556,0.4051555555555556
34,0.5856973913043477,0.5856973913043477
35,0.5856973913043477,0.5856973913043477
36,0.5856973913043477,0.5856973913043477
37,0.5856973913043477,0.5856973913043477
38,0.4051555555555556,0.4051555555555556
39,1.6512,1.6512
40,8.454461538461539,8.454461538461539
41,0.6589978723404255,0.6589978723404255
42,0.5856973913043477,0.5856973913043477
43,0.4051555555555556,0.4051555555555556
44,0.4051555555555556,0.4051555555555556
45,0.4051555555555556,0.4051555555555556
46,0.0,0.0
47,0.6589978723404255,0.6589978723404255
48,0.5856973913043477,0.5856973913043477
49,0.6589978723404255,0.6589978723404255
50,0.5856973913043477,0.5856973913043477
51,0.6589978723404255,0.6589978723404255
52,0.5856973913043477,0.5856973913043477
53,0.5856973913043477,0.5856973913043477
54,2.2446,2.2446
55,0.4051555555555556,0.4051555555555556
56,0.5856973913043477,0.5856973913043477
57,0.6589978723404255,0.6589978723404255
58,0.5856973913043477,0.5856973913043477
59,0.0,0.0
60,0.6589978723404255,0.6589978723404255
61,0.5856973913043477,0.5856973913043477
62,0.6589978723404255,0.6589978723404255
63,8.454461538461539,8.454461538461539
64,0.6589978723404255,0.6589978723404255
65,0.5856973913043477,0.5856973913043477
66,0.5856973913043477,0.5856973913043477
67,0.5856973913043477,0.5856973913043477
68,0.6589978723404255,0.6589978723404255
69,0.5856973913043477,0.5856973913043477
70,0.4051555555555556,0.4051555555555556
71,2.2446,2.2446
72,0.4051555555555556,0.4051555555555556
73,0.6589978723404255,0.6589978723404255
74,0.0,0.0
75,0.6589978723404255,0.6589978723404255
76,0.5856973913043477,0.5856973913043477
77,0.4051555555555556,0.4051555555555556
78,0.5856973913043477,0.5856973913043477
79,0.6589978723404255,0.6589978723404255
80,0.5856973913043477,0.5856973913043477
81,0.5856973913043477,0.5856973913043477
82,0.5856973913043477,0.5856973913043477
83,0.4051555555555556,0.4051555555555556
84,0.6589978723404255,0.6589978723404255
85,0.5856973913043477,0.5856973913043477
86,0.4051555555555556,0.4051555555555556
87,0.6589978723404255,0.6589978723404255
88,0.5856973913043477,0.5856973913043477
89,0.4051555555555556,0.4051555555555556
90,0.4051555555555556,0.4051555555555556
91,0.5856973913043477,0.5856973913043477
92,0.4051555555555556,0.4051555555555556
93,0.5856973913043477,0.5856973913043477
94,0.0,0.0
95,2.2446,2.2446
96,0.6589978723404255,0.6589978723404255
97,0.5856973913043477,0.5856973913043477
98,0.4051555555555556,0.4051555555555556
99,0.4051555555555556,0.4051555555555556
100,0.5856973913043477,0.5856973913043477
101,0.6589978723404255,0.6589978723404255
102,0.6589978723404255,0.6589978723404255
103,0.4051555555555556,0.4051555555555556
104,3.731076923076923,3.731076923076923
105,0.4051555555555556,0.4051555555555556
106,0.4051555555555556,0.4051555555555556
107,0.5856973913043477,0.5856973913043477
108,0.5856973913043477,0.5856973913043477
109,0.4051555555555556,0.4051555555555556
110,3.731076923076923,3.731076923076923
111,0.5856973913043477,0.5856973913043477
112,0.5856973913043477,0.5856973913043477
113,0.6589978723404255,0.6589978723404255
114,0.6589978723404255,0.6589978723404255
115,0.4051555555555556,0.4051555555555556
116,0.5856973913043477,0.5856973913043477
117,0.6589978723404255,0.6589978723404255
118,0.6589978723404255,0.6589978723404255
119,0.5856973913043477,0.5856973913043477
120,0.6589978723404255,0.6589978723404255
121,0.6589978723404255,0.6589978723404255
122,0.6589978723404255,0.6589978723404255
123,0.5856973913043477,0.5856973913043477
124,0.5856973913043477,0.5856973913043477
125,0.4051555555555556,0.4051555555555556
126,0.6589978723404255,0.6589978723404255
127,0.5856973913043477,0.5856973913043477
128,0.6589978723404255,0.6589978723404255
129,0.6589978723404255,0.6589978723404255
130,0.4051555555555556,0.4051555555555556
131,0.6589978723404255,0.6589978723404255
132,0.0,0.0
133,0.5856973913043477,0.5856973913043477
134,0.0,0.0
135,0.6589978723404255,0.6589978723404255
136,0.4051555555555556,0.4051555555555556
137,0.0,0.0
138,0.6589978723404255,0.6589978723404255
139,0.5856973913043477,0.5856973913043477
140,0.0,0.0
141,0.4051555555555556,0.4051555555555556
142,0.5856973913043477,0.5856973913043477
143,0.5856973913043477,0.5856973913043477
144,0.6589978723404255,0.6589978723404255
145,0.5856973913043477,0.5856973913043477
146,0.5856973913043477,0.5856973913043477
147,0.6589978723404255,0.6589978723404255
148,0.6589978723404255,0.6589978723404255
149,0.4051555555555556,0.4051555555555556
150,0.6589978723404255,0.6589978723404255
151,0.5856973913043477,0.5856973913043477
152,0.5856973913043477,0.5856973913043477
153,0.5856973913043477,0.5856973913043477
154,0.4051555555555556,0.4051555555555556
155,0.6589978723404255,0.6589978723404255
156,0.5856973913043477,0.5856973913043477
157,0.5856973913043477,0.5856973913043477
158,0.5856973913043477,0.5856973913043477
159,0.5856973913043477,0.5856973913043477
160,0.5856973913043477,0.5856973913043477
161,0.6589978723404255,0.6589978723404255
162,0.4051555555555556,0.4051555555555556
163,0.6589978723404255,0.6589978723404255
164,0.4051555555555556,0.4051555555555556
165,0.6589978723404255,0.6589978723404255
166,0.5856973913043477,0.5856973913043477
167,0.5856973913043477,0.5856973913043477
168,0.5856973913043477,0.5856973913043477
169,0.4051555555555556,0.4051555555555556
170,0.6589978723404255,0.6589978723404255
171,0.5856973913043477,0.5856973913043477
172,0.6589978723404255,0.6589978723404255
173,0.6589978723404255,0.6589978723404255
174,0.5856973913043477,0.5856973913043477
175,0.6589978723404255,0.6589978723404255
176,0.6589978723404255,0.6589978723404255
177,2.2446,2.2446
178,0.6589978723404255,0.6589978723404255
179,0.5856973913043477,0.5856973913043477
180,0.5856973913043477,0.5856973913043477
181,0.4051555555555556,0.4051555555555556
182,0.5856973913043477,0.5856973913043477
183,0.5856973913043477,0.5856973913043477
184,0.5856973913043477,0.5856973913043477
185,0.6589978723404255,0.6589978723404255
186,0.5856973913043477,0.5856973913043477
187,0.4051555555555556,0.4051555555555556
188,0.6589978723404255,0.6589978723404255
189,0.5856973913043477,0.5856973913043477
190,0.5856973913043477,0.5856973913043477
191,0.6589978723404255,0.6589978723404255
192,0.4051555555555556,0.4051555555555556
193,0.5856973913043477,0.5856973913043477
194,0.6589978723404255,0.6589978723404255
195,0.5856973913043477,0.5856973913043477
196,0.6589978723404255,0.6589978723404255
197,0.4051555555555556,0.4051555555555556
198,0.5856973913043477,0.5856973913043477
199,0.6589978723404255,0.6589978723404255
200,2.2446,2.2446
201,0.6589978723404255,0.6589978723404255
202,0.5856973913043477,0.5856973913043477
203,0.5856973913043477,0.5856973913043477
204,0.5856973913043477,0.5856973913043477
205,0.5856973913043477,0.5856973913043477
206,0.6589978723404255,0.6589978723404255
207,0.4051555555555556,0.4051555555555556
208,0.4051555555555556,0.4051555555555556
209,0.5856973913043477,0.5856973913043477
210,0.4051555555555556,0.4051555555555556
211,0.6589978723404255,0.6589978723404255
212,0.6589978723404255,0.6589978723404255
213,2.2446,2.2446
214,0.5856973913043477,0.5856973913043477
215,0.6589978723404255,0.6589978723404255
216,0.6589978723404255,0.6589978723404255
217,0.4051555555555556,0.4051555555555556
218,0.6589978723404255,0.6589978723404255
219,8.454461538461539,8.454461538461539
220,0.0,0.0
221,0.6589978723404255,0.6589978723404255
222,0.6589978723404255,0.6589978723404255
223,0.6589978723404255,0.6589978723404255
224,0.5856973913043477,0.5856973913043477
225,0.5856973913043477,0.5856973913043477
226,0.4051555555555556,0.4051555555555556
227,0.5856973913043477,0.5856973913043477
228,0.0,0.0
229,0.5856973913043477,0.5856973913043477
230,0.6589978723404255,0.6589978723404255
231,0.4051555555555556,0.4051555555555556
232,8.454461538461539,8.454461538461539
233,0.5856973913043477,0.5856973913043477
234,2.24976,2.24976
235,0.4051555555555556,0.4051555555555556
236,0.5856973913043477,0.5856973913043477
237,0.4051555555555556,0.4051555555555556
238,0.6589978723404255,0.6589978723404255
239,0.6589978723404255,0.6589978723404255
240,0.6589978723404255,0.6589978723404255
241,8.454461538461539,8.454461538461539
242,0.5856973913043477,0.5856973913043477
243,0.6589978723404255,0.6589978723404255
244,0.6589978723404255,0.6589978723404255
245,0.5856973913043477,0.5856973913043477
246,0.4051555555555556,0.4051555555555556
247,0.6589978723404255,0.6589978723404255
248,0.6589978723404255,0.6589978723404255
249,2.2446,2.2446
250,0.5856973913043477,0.5856973913043477
251,0.5856973913043477,0.5856973913043477
252,2.2446,2.2446
253,0.5856973913043477,0.5856973913043477
254,0.5856973913043477,0.5856973913043477
255,0.6589978723404255,0.6589978723404255
256,0.6589978723404255,0.6589978723404255
257,2.2446,2.2446
258,0.5856973913043477,0.5856973913043477
259,0.6589978723404255,0.6589978723404255
260,0.4051555555555556,0.4051555555555556
261,0.6589978723404255,0.6589978723404255
262,0.4051555555555556,0.4051555555555556
263,0.4051555555555556,0.4051555555555556
264,0.5856973913043477,0.5856973913043477
265,0.5856973913043477,0.5856973913043477
266,0.6589978723404255,0.6589978723404255
267,0.5856973913043477,0.5856973913043477
268,0.6589978723404255,0.6589978723404255
269,0.4051555555555556,0.4051555555555556
270,0.6589978723404255,0.6589978723404255
271,0.6589978723404255,0.6589978723404255
272,0.4051555555555556,0.4051555555555556
273,0.5856973913043477,0.5856973913043477
274,0.4051555555555556,0.4051555555555556
275,2.2446,2.2446
276,0.6589978723404255,0.6589978723404255
277,0.6589978723404255,0.6589978723404255
278,0.4051555555555556,0.4051555555555556
279,0.5856973913043477,0.5856973913043477
280,2.2446,2.2446
281,0.5856973913043477,0.5856973913043477
282,0.5856973913043477,0.5856973913043477
283,3.1218,3.1218
284,8.454461538461539,8.454461538461539
285,0.6589978723404255,0.6589978723404255
286,0.5856973913043477,0.5856973913043477
287,0.6589978723404255,0.6589978723404255
288,2.2446,2.2446
289,0.6589978723404255,0.6589978723404255
290,0.6589978723404255,0.6589978723404255
291,2.2446,2.2446
292,2.2446,2.2446
293,0.6589978723404255,0.6589978723404255
294,0.4051555555555556,0.4051555555555556
295,0.5856973913043477,0.5856973913043477
296,0.5856973913043477,0.5856973913043477
297,0.5856973913043477,0.5856973913043477
298,0.6589978723404255,0.6589978723404255
299,0.5856973913043477,0.5856973913043477
300,0.5856973913043477,0.5856973913043477
301,0.5856973913043477,0.5856973913043477
302,0.0,0.0
303,0.4051555555555556,0.4051555555555556
304,0.6589978723404255,0.6589978723404255
305,0.6589978723404255,0.6589978723404255
306,0.5856973913043477,0.5856973913043477
307,0.5856973913043477,0.5856973913043477
308,0.6589978723404255,0.6589978723404255
309,0.5856973913043477,0.5856973913043477
310,0.4051555555555556,0.4051555555555556
311,0.5856973913043477,0.5856973913043477
312,0.5856973913043477,0.5856973913043477
313,0.5856973913043477,0.5856973913043477
314,0.6589978723404255,0.6589978723404255
315,0.5856973913043477,0.5856973913043477
316,2.2446,2.2446
317,0.6589978723404255,0.6589978723404255
318,0.5856973913043477,0.5856973913043477
319,0.5856973913043477,0.5856973913043477
320,0.5856973913043477,0.5856973913043477
321,0.5856973913043477,0.5856973913043477
322,0.5856973913043477,0.5856973913043477
323,0.5856973913043477,0.5856973913043477
324,0.5856973913043477,0.5856973913043477
325,0.5856973913043477,0.5856973913043477
326,0.5856973913043477,0.5856973913043477
327,0.5856973913043477,0.5856973913043477
328,0.4051555555555556,0.4051555555555556
329,0.4051555555555556,0.4051555555555556
330,0.4051555555555556,0.4051555555555556
331,0.5856973913043477,0.5856973913043477
332,0.4051555555555556,0.4051555555555556
333,0.5856973913043477,0.5856973913043477
334,0.5856973913043477,0.5856973913043477
335,0.5856973913043477,0.5856973913043477
336,0.5856973913043477,0.5856973913043477
337,0.0,0.0
338,0.6589978723404255,0.6589978723404255
339,0.5856973913043477,0.5856973913043477
340,0.6589978723404255,0.6589978723404255
341,0.6589978723404255,0.6589978723404255
342,0.6589978723404255,0.6589978723404255
343,0.5856973913043477,0.5856973913043477
344,8.454461538461539,8.454461538461539
345,0.6589978723404255,0.6589978723404255
346,0.6589978723404255,0.6589978723404255
347,0.0,0.0
348,0.4051555555555556,0.4051555555555556
349,0.5856973913043477,0.5856973913043477
350,0.5856973913043477,0.5856973913043477
351,0.6589978723404255,0.6589978723404255
352,0.4051555555555556,0.4051555555555556
353,0.5856973913043477,0.5856973913043477
354,0.5856973913043477,0.5856973913043477
355,0.6589978723404255,0.6589978723404255
356,0.6589978723404255,0.6589978723404255
357,0.4051555555555556,0.4051555555555556
358,0.5856973913043477,0.5856973913043477
359,0.5856973913043477,0.5856973913043477
360,3.731076923076923,3.731076923076923
361,0.6589978723404255,0.6589978723404255
362,0.4051555555555556,0.4051555555555556
363,0.5856973913043477,0.5856973913043477
364,0.5856973913043477,0.5856973913043477
365,0.5856973913043477,0.5856973913043477
366,0.5856973913043477,0.5856973913043477
367,0.4051555555555556,0.4051555555555556
368,0.6589978723404255,0.6589978723404255
369,0.6589978723404255,0.6589978723404255
370,0.5856973913043477,0.5856973913043477
371,0.6589978723404255,0.6589978723404255
372,0.5856973913043477,0.5856973913043477
373,0.6589978723404255,0.6589978723404255
374,0.5856973913043477,0.5856973913043477
375,0.0,0.0
376,0.5856973913043477,0.5856973913043477
377,0.5856973913043477,0.5856973913043477
378,0.5856973913043477,0.5856973913043477
379,2.2446,2.2446
380,0.5856973913043477,0.5856973913043477
381,3.1218,3.1218
382,0.5856973913043477,0.5856973913043477
383,0.6589978723404255,0.6589978723404255
384,0.4051555555555556,0.4051555555555556
385,0.4051555555555556,0.4051555555555556
386,0.6589978723404255,0.6589978723404255
387,0.6589978723404255,0.6589978723404255
388,0.6589978723404255,0.6589978723404255
389,0.5856973913043477,0.5856973913043477
390,0.4051555555555556,0.4051555555555556
391,0.5856973913043477,0.5856973913043477
392,0.6589978723404255,0.6589978723404255
393,0.6589978723404255,0.6589978723404255
394,0.6589978723404255,0.6589978723404255
395,0.5856973913043477,0.5856973913043477
396,0.4051555555555556,0.4051555555555556
397,0.5856973913043477,0.5856973913043477
398,0.5856973913043477,0.5856973913043477
399,0.6589978723404255,0.6589978723404255
400,0.5856973913043477,0.5856973913043477
401,0.6589978723404255,0.6589978723404255
402,0.5856973913043477,0.5856973913043477
403,0.5856973913043477,0.5856973913043477
404,0.6589978723404255,0.6589978723404255
405,0.5856973913043477,0.5856973913043477
406,0.6589978723404255,0.6589978723404255
407,0.5856973913043477,0.5856973913043477
408,0.5856973913043477,0.5856973913043477
409,0.6589978723404255,0.6589978723404255
410,0.4051555555555556,0.4051555555555556
411,0.5856973913043477,0.5856973913043477
412,2.2446,2.2446
413,0.5856973913043477,0.5856973913043477
414,0.6589978723404255,0.6589978723404255
415,0.6589978723404255,0.6589978723404255
416,1.6512,1.6512
417,2.2446,2.2446
418,0.5856973913043477,0.5856973913043477
419,0.6589978723404255,0.6589978723404255
420,0.4051555555555556,0.4051555555555556
421,8.454461538461539,8.454461538461539
422,2.2446,2.2446
423,0.5856973913043477,0.5856973913043477
424,0.6589978723404255,0.6589978723404255
425,0.5856973913043477,0.5856973913043477
426,0.6589978723404255,0.6589978723404255
427,2.2446,2.2446
428,2.2446,2.2446
429,2.2446,2.2446
430,2.2446,2.2446
431,0.5856973913043477,0.5856973913043477
432,0.5856973913043477,0.5856973913043477
433,2.2446,2.2446
434,0.5856973913043477,0.5856973913043477
435,0.5856973913043477,0.5856973913043477
436,0.5856973913043477,0.5856973913043477
437,0.6589978723404255,0.6589978723404255
438,0.6589978723404255,0.6589978723404255
439,0.5856973913043477,0.5856973913043477
440,0.6589978723404255,0.6589978723404255
441,0.4051555555555556,0.4051555555555556
442,2.2446,2.2446
443,2.24976,2.24976
444,0.6589978723404255,0.6589978723404255
445,0.6589978723404255,0.6589978723404255
446,2.2446,2.2446
447,2.2446,2.2446
448,0.4051555555555556,0.4051555555555556
449,8.454461538461539,8.454461538461539
450,0.5856973913043477,0.5856973913043477
451,0.6589978723404255,0.6589978723404255
452,0.6589978723404255,0.6589978723404255
453,2.2446,2.2446
454,0.5856973913043477,0.5856973913043477
455,0.6589978723404255,0.6589978723404255
456,0.6589978723404255,0.6589978723404255
457,0.6589978723404255,0.6589978723404255
458,0.6589978723404255,0.6589978723404255
459,0.4051555555555556,0.4051555555555556
460,0.6589978723404255,0.6589978723404255
461,0.5856973913043477,0.5856973913043477
462,2.2446,2.2446
463,0.6589978723404255,0.6589978723404255
464,1.8576,1.8576
465,0.6589978723404255,0.6589978723404255
466,0.5856973913043477,0.5856973913043477
467,0.5856973913043477,0.5856973913043477
468,0.5856973913043477,0.5856973913043477
469,0.6589978723404255,0.6589978723404255
470,0.5856973913043477,0.5856973913043477
471,2.2446,2.2446
472,0.6589978723404255,0.6589978723404255
473,0.6589978723404255,0.6589978723404255
474,0.6589978723404255,0.6589978723404255
475,0.6589978723404255,0.6589978723404255
476,0.5856973913043477,0.5856973913043477
477,0.6589978723404255,0.6589978723404255
478,0.6589978723404255,0.6589978723404255
479,0.4051555555555556,0.4051555555555556
480,3.731076923076923,3.731076923076923
481,0.5856973913043477,0.5856973913043477
482,0.5856973913043477,0.5856973913043477
483,0.5856973913043477,0.5856973913043477
484,0.5856973913043477,0.5856973913043477
485,0.4051555555555556,0.4051555555555556
486,0.4051555555555556,0.4051555555555556
487,0.6589978723404255,0.6589978723404255
488,0.6589978723404255,0.6589978723404255
489,0.6589978723404255,0.6589978723404255
490,0.6589978723404255,0.6589978723404255
491,0.6589978723404255,0.6589978723404255
492,2.24976,2.24976
493,0.5856973913043477,0.5856973913043477
494,0.5856973913043477,0.5856973913043477
495,0.5856973913043477,0.5856973913043477
496,0.6589978723404255,0.6589978723404255
497,2.2446,2.2446
498,0.5856973913043477,0.5856973913043477
499,0.5856973913043477,0.5856973913043477
500,0.4051555555555556,0.4051555555555556
501,0.5856973913043477,0.5856973913043477
502,2.3736,2.3736
503,0.6589978723404255,0.6589978723404255
504,0.5856973913043477,0.5856973913043477
505,0.4051555555555556,0.4051555555555556
506,0.4051555555555556,0.4051555555555556
507,3.731076923076923,3.731076923076923
508,0.6589978723404255,0.6589978723404255
509,0.5856973913043477,0.5856973913043477
510,0.5856973913043477,0.5856973913043477
511,0.6589978723404255,0.6589978723404255
512,0.4051555555555556,0.4051555555555556
513,2.2446,2.2446
514,0.6589978723404255,0.6589978723404255
515,8.454461538461539,8.454461538461539
516,0.5856973913043477,0.5856973913043477
517,0.4051555555555556,0.4051555555555556
518,0.5856973913043477,0.5856973913043477
519,0.4051555555555556,0.4051555555555556
520,0.4051555555555556,0.4051555555555556
521,0.6589978723404255,0.6589978723404255
522,0.4051555555555556,0.4051555555555556
523,0.6589978723404255,0.6589978723404255
524,0.4051555555555556,0.4051555555555556
525,0.4051555555555556,0.4051555555555556
526,0.0,0.0
527,0.6589978723404255,0.6589978723404255
528,0.5856973913043477,0.5856973913043477
529,0.6589978723404255,0.6589978723404255
530,0.6589978723404255,0.6589978723404255
531,0.5856973913043477,0.5856973913043477
532,0.6589978723404255,0.6589978723404255
533,0.5856973913043477,0.5856973913043477
534,0.6589978723404255,0.6589978723404255
535,0.0,0.0
536,2.2446,2.2446
537,0.0,0.0
538,0.5856973913043477,0.5856973913043477
539,0.4051555555555556,0.4051555555555556
540,0.6589978723404255,0.6589978723404255
541,0.5856973913043477,0.5856973913043477
542,0.6589978723404255,0.6589978723404255
543,0.4051555555555556,0.4051555555555556
544,0.0,0.0
545,0.6589978723404255,0.6589978723404255
546,0.5856973913043477,0.5856973913043477
547,0.6589978723404255,0.6589978723404255
548,0.6589978723404255,0.6589978723404255
549,0.6589978723404255,0.6589978723404255
550,0.6589978723404255,0.6589978723404255
551,0.6589978723404255,0.6589978723404255
552,0.6589978723404255,0.6589978723404255
553,0.6589978723404255,0.6589978723404255
554,0.5856973913043477,0.5856973913043477
555,0.6589978723404255,0.6589978723404255
556,0.6589978723404255,0.6589978723404255
557,2.2446,2.2446
558,2.2446,2.2446
559,0.4051555555555556,0.4051555555555556
560,0.6589978723404255,0.6589978723404255
561,0.6589978723404255,0.6589978723404255
562,0.6589978723404255,0.6589978723404255
563,0.6589978723404255,0.6589978723404255
564,0.5856973913043477,0.5856973913043477
565,0.6589978723404255,0.6589978723404255
566,0.4051555555555556,0.4051555555555556
567,0.6589978723404255,0.6589978723404255
568,0.5856973913043477,0.5856973913043477
569,2.2446,2.2446
570,0.6589978723404255,0.6589978723404255
571,0.5856973913043477,0.5856973913043477
572,0.4051555555555556,0.4051555555555556
573,2.2446,2.2446
574,0.5856973913043477,0.5856973913043477
575,0.6589978723404255,0.6589978723404255
576,0.5856973913043477,0.5856973913043477
577,0.5856973913043477,0.5856973913043477
578,0.4051555555555556,0.4051555555555556
579,2.2446,2.2446
580,0.6589978723404255,0.6589978723404255
581,8.454461538461539,8.454461538461539
582,0.5856973913043477,0.5856973913043477
583,0.6589978723404255,0.6589978723404255
584,0.6589978723404255,0.6589978723404255
585,0.6589978723404255,0.6589978723404255
586,0.6589978723404255,0.6589978723404255
587,0.4051555555555556,0.4051555555555556
588,2.2446,2.2446
589,0.0,0.0
590,0.4051555555555556,0.4051555555555556
591,0.6589978723404255,0.6589978723404255
592,0.6589978723404255,0.6589978723404255
593,0.6589978723404255,0.6589978723404255
594,0.6589978723404255,0.6589978723404255
595,0.6589978723404255,0.6589978723404255
596,0.6589978723404255,0.6589978723404255
597,2.2446,2.2446
598,0.5856973913043477,0.5856973913043477
599,2.2446,2.2446
600,0.5856973913043477,0.5856973913043477
601,0.5856973913043477,0.5856973913043477
602,2.2446,2.2446
603,0.5856973913043477,0.5856973913043477
604,0.5856973913043477,0.5856973913043477
605,0.5856973913043477,0.5856973913043477
606,0.6589978723404255,0.6589978723404255
607,0.4051555555555556,0.4051555555555556
608,0.6589978723404255,0.6589978723404255
609,0.5856973913043477,0.5856973913043477
610,0.6589978723404255,0.6589978723404255
611,0.6589978723404255,0.6589978723404255
612,0.6589978723404255,0.6589978723404255
613,0.6589978723404255,0.6589978723404255
614,8.454461538461539,8.454461538461539
615,2.2446,2.2446
616,0.6589978723404255,0.6589978723404255
617,0.6589978723404255,0.6589978723404255
618,0.5856973913043477,0.5856973913043477
619,2.2446,2.2446
620,2.2446,2.2446
621,0.5856973913043477,0.5856973913043477
622,0.0,0.0
623,0.4051555555555556,0.4051555555555556
624,0.6589978723404255,0.6589978723404255
625,0.6589978723404255,0.6589978723404255
626,8.454461538461539,8.454461538461539
627,0.5856973913043477,0.5856973913043477
628,0.4051555555555556,0.4051555555555556
629,0.6589978723404255,0.6589978723404255
630,0.5856973913043477,0.5856973913043477
631,0.5856973913043477,0.5856973913043477
632,0.6589978723404255,0.6589978723404255
633,0.5856973913043477,0.5856973913043477
634,0.6589978723404255,0.6589978723404255
635,2.2446,2.2446
636,0.6589978723404255,0.6589978723404255
637,0.4051555555555556,0.4051555555555556
638,0.5856973913043477,0.5856973913043477
639,0.5856973913043477,0.5856973913043477
640,0.0,0.0
641,0.6589978723404255,0.6589978723404255
642,0.4051555555555556,0.4051555555555556
643,0.6589978723404255,0.6589978723404255
644,0.5856973913043477,0.5856973913043477
645,0.4051555555555556,0.4051555555555556
646,0.6589978723404255,0.6589978723404255
647,0.6589978723404255,0.6589978723404255
648,0.5856973913043477,0.5856973913043477
649,0.4051555555555556,0.4051555555555556
650,0.5856973913043477,0.5856973913043477
651,2.2446,2.2446
652,0.5856973913043477,0.5856973913043477
653,0.4051555555555556,0.4051555555555556
654,0.6589978723404255,0.6589978723404255
655,0.6589978723404255,0.6589978723404255
656,0.6589978723404255,0.6589978723404255
657,0.6589978723404255,0.6589978723404255
658,0.5856973913043477,0.5856973913043477
659,0.6589978723404255,0.6589978723404255
660,2.2446,2.2446
661,0.4051555555555556,0.4051555555555556
662,0.0,0.0
663,0.5856973913043477,0.5856973913043477
664,0.6589978723404255,0.6589978723404255
665,0.5856973913043477,0.5856973913043477
666,1.6512,1.6512
667,0.6589978723404255,0.6589978723404255
668,3.731076923076923,3.731076923076923
669,0.6589978723404255,0.6589978723404255
670,0.6589978723404255,0.6589978723404255
671,0.6589978723404255,0.6589978723404255
672,0.4051555555555556,0.4051555555555556
673,0.5856973913043477,0.5856973913043477
674,0.5856973913043477,0.5856973913043477
675,0.5856973913043477,0.5856973913043477
676,0.6589978723404255,0.6589978723404255
677,3.731076923076923,3.731076923076923
678,0.5856973913043477,0.5856973913043477
679,0.6589978723404255,0.6589978723404255
680,0.5856973913043477,0.5856973913043477
681,0.5856973913043477,0.5856973913043477
682,0.6589978723404255,0.6589978723404255
683,0.4051555555555556,0.4051555555555556
684,0.4051555555555556,0.4051555555555556
685,0.6589978723404255,0.6589978723404255
686,0.5856973913043477,0.5856973913043477
687,0.6589978723404255,0.6589978723404255
688,0.0,0.0
689,8.454461538461539,8.454461538461539
690,0.6589978723404255,0.6589978723404255
691,2.2446,2.2446
692,0.5856973913043477,0.5856973913043477
693,0.6589978723404255,0.6589978723404255
694,0.4051555555555556,0.4051555555555556
695,0.6589978723404255,0.6589978723404255
696,0.4051555555555556,0.4051555555555556
697,0.6589978723404255,0.6589978723404255
698,0.6589978723404255,0.6589978723404255
699,2.3736,2.3736
700,0.6589978723404255,0.6589978723404255
701,0.6589978723404255,0.6589978723404255
702,2.2446,2.2446
703,0.5856973913043477,0.5856973913043477
704,0.5856973913043477,0.5856973913043477
705,0.6589978723404255,0.6589978723404255
706,0.6589978723404255,0.6589978723404255
707,2.2446,2.2446
708,0.6589978723404255,0.6589978723404255
709,0.5856973913043477,0.5856973913043477
710,0.4051555555555556,0.4051555555555556
711,0.6589978723404255,0.6589978723404255
712,2.2446,2.2446
713,3.731076923076923,3.731076923076923
714,0.6589978723404255,0.6589978723404255
715,0.5856973913043477,0.5856973913043477
716,0.4051555555555556,0.4051555555555556
717,0.0,0.0
718,0.5856973913043477,0.5856973913043477
719,0.6589978723404255,0.6589978723404255
720,0.0,0.0
721,0.6589978723404255,0.6589978723404255
722,0.0,0.0
723,0.4051555555555556,0.4051555555555556
724,2.2446,2.2446
725,0.6589978723404255,0.6589978723404255
726,2.2446,2.2446
727,0.6589978723404255,0.6589978723404255
728,0.5856973913043477,0.5856973913043477
729,0.5856973913043477,0.5856973913043477
730,0.6589978723404255,0.6589978723404255
731,0.6589978723404255,0.6589978723404255
732,0.5856973913043477,0.5856973913043477
733,0.4051555555555556,0.4051555555555556
734,0.6589978723404255,0.6589978723404255
735,0.6589978723404255,0.6589978723404255
736,0.6589978723404255,0.6589978723404255
737,0.4051555555555556,0.4051555555555556
738,2.2446,2.2446
739,0.5856973913043477,0.5856973913043477
740,0.6589978723404255,0.6589978723404255
741,0.4051555555555556,0.4051555555555556
742,0.5856973913043477,0.5856973913043477
743,0.6589978723404255,0.6589978723404255
744,0.5856973913043477,0.5856973913043477
745,0.5856973913043477,0.5856973913043477
746,2.2446,2.2446
747,2.2446,2.2446
748,0.4051555555555556,0.4051555555555556
749,0.4051555555555556,0.4051555555555556
750,0.5856973913043477,0.5856973913043477
751,0.6589978723404255,0.6589978723404255
752,2.2446,2.2446
753,0.6589978723404255,0.6589978723404255
754,0.5856973913043477,0.5856973913043477
755,2.2446,2.2446
756,0.5856973913043477,0.5856973913043477
757,0.5856973913043477,0.5856973913043477
758,2.24976,2.24976
759,0.6589978723404255,0.6589978723404255
760,0.6589978723404255,0.6589978723404255
761,0.5856973913043477,0.5856973913043477
762,0.6589978723404255,0.6589978723404255
763,2.2446,2.2446
764,0.6589978723404255,0.6589978723404255
765,0.5856973913043477,0.5856973913043477
766,0.6589978723404255,0.6589978723404255
767,0.5856973913043477,0.5856973913043477
768,2.2446,2.2446
769,0.4051555555555556,0.4051555555555556
770,0.6589978723404255,0.6589978723404255
771,0.6589978723404255,0.6589978723404255
772,0.6589978723404255,0.6589978723404255
773,0.5856973913043477,0.5856973913043477
774,0.5856973913043477,0.5856973913043477
775,2.2446,2.2446
776,0.6589978723404255,0.6589978723404255
777,0.6589978723404255,0.6589978723404255
778,0.5856973913043477,0.5856973913043477
779,0.6589978723404255,0.6589978723404255
780,0.5856973913043477,0.5856973913043477
781,0.6589978723404255,0.6589978723404255
782,0.4051555555555556,0.4051555555555556
783,0.4051555555555556,0.4051555555555556
784,0.5856973913043477,0.5856973913043477
785,0.6589978723404255,0.6589978723404255
786,0.5856973913043477,0.5856973913043477
787,0.6589978723404255,0.6589978723404255
788,0.6589978723404255,0.6589978723404255
789,0.0,0.0
790,0.4051555555555556,0.4051555555555556
791,2.2446,2.2446
792,0.6589978723404255,0.6589978723404255
793,0.0,0.0
794,0.6589978723404255,0.6589978723404255
795,0.6589978723404255,0.6589978723404255
796,0.5856973913043477,0.5856973913043477
797,0.4051555555555556,0.4051555555555556
798,0.4051555555555556,0.4051555555555556
799,0.5856973913043477,0.5856973913043477
800,0.4051555555555556,0.4051555555555556
801,0.5856973913043477,0.5856973913043477
802,0.4051555555555556,0.4051555555555556
803,0.6589978723404255,0.6589978723404255
804,0.6589978723404255,0.6589978723404255
805,3.1218,3.1218
806,0.6589978723404255,0.6589978723404255
807,0.5856973913043477,0.5856973913043477
808,0.0,0.0
809,2.2446,2.2446
810,8.454461538461539,8.454461538461539
811,0.5856973913043477,0.5856973913043477
812,0.6589978723404255,0.6589978723404255
813,0.5856973913043477,0.5856973913043477
814,2.2446,2.2446
815,0.6589978723404255,0.6589978723404255
816,2.2446,2.2446
817,0.6589978723404255,0.6589978723404255
818,0.5856973913043477,0.5856973913043477
819,0.5856973913043477,0.5856973913043477
820,0.6589978723404255,0.6589978723404255
821,0.5856973913043477,0.5856973913043477
822,0.5856973913043477,0.5856973913043477
823,0.6589978723404255,0.6589978723404255
824,0.4051555555555556,0.4051555555555556
825,0.4051555555555556,0.4051555555555556
826,0.4051555555555556,0.4051555555555556
827,0.6589978723404255,0.6589978723404255
828,0.4051555555555556,0.4051555555555556
829,2.2446,2.2446
830,0.5856973913043477,0.5856973913043477
831,0.4051555555555556,0.4051555555555556
832,0.5856973913043477,0.5856973913043477
833,0.6589978723404255,0.6589978723404255
834,0.6589978723404255,0.6589978723404255
835,0.6589978723404255,0.6589978723404255
836,0.6589978723404255,0.6589978723404255
837,0.6589978723404255,0.6589978723404255
838,0.5856973913043477,0.5856973913043477
839,0.6589978723404255,0.6589978723404255
840,0.5856973913043477,0.5856973913043477
841,0.5856973913043477,0.5856973913043477
842,0.5856973913043477,0.5856973913043477
843,2.2446,2.2446
844,0.6589978723404255,0.6589978723404255
845,0.4051555555555556,0.4051555555555556
846,0.5856973913043477,0.5856973913043477
847,0.5856973913043477,0.5856973913043477
848,2.3736,2.3736
849,0.4051555555555556,0.4051555555555556
850,0.4051555555555556,0.4051555555555556
851,0.6589978723404255,0.6589978723404255
852,0.5856973913043477,0.5856973913043477
853,0.6589978723404255,0.6589978723404255
854,2.24976,2.24976
855,0.4051555555555556,0.4051555555555556
856,0.6589978723404255,0.6589978723404255
857,0.4051555555555556,0.4051555555555556
858,0.6589978723404255,0.6589978723404255
859,2.2446,2.2446
860,0.5856973913043477,0.5856973913043477
861,0.5856973913043477,0.5856973913043477
862,2.2446,2.2446
863,0.6589978723404255,0.6589978723404255
864,0.6589978723404255,0.6589978723404255
865,0.6589978723404255,0.6589978723404255
866,0.5856973913043477,0.5856973913043477
867,0.5856973913043477,0.5856973913043477
868,2.2446,2.2446
869,0.6589978723404255,0.6589978723404255
870,0.5856973913043477,0.5856973913043477
871,2.2446,2.2446
872,0.5856973913043477,0.5856973913043477
873,0.6589978723404255,0.6589978723404255
874,0.5856973913043477,0.5856973913043477
875,0.4051555555555556,0.4051555555555556
876,0.5856973913043477,0.5856973913043477
877,0.6589978723404255,0.6589978723404255
878,0.6589978723404255,0.6589978723404255
879,0.6589978723404255,0.6589978723404255
880,0.6589978723404255,0.6589978723404255
881,0.5856973913043477,0.5856973913043477
882,0.6589978723404255,0.6589978723404255
883,0.6589978723404255,0.6589978723404255
884,0.4051555555555556,0.4051555555555556
885,0.6589978723404255,0.6589978723404255
886,0.6589978723404255,0.6589978723404255
887,0.5856973913043477,0.5856973913043477
888,0.6589978723404255,0.6589978723404255
889,0.6589978723404255,0.6589978723404255
890,0.5856973913043477,0.5856973913043477
891,3.731076923076923,3.731076923076923
892,0.6589978723404255,0.6589978723404255
893,0.6589978723404255,0.6589978723404255
894,0.6589978723404255,0.6589978723404255
895,0.6589978723404255,0.6589978723404255
896,0.6589978723404255,0.6589978723404255
897,0.6589978723404255,0.6589978723404255
898,8.454461538461539,8.454461538461539
899,0.6589978723404255,0.6589978723404255
900,2.2446,2.2446
901,0.6589978723404255,0.6589978723404255
902,0.5856973913043477,0.5856973913043477
903,0.5856973913043477,0.5856973913043477
904,0.5856973913043477,0.5856973913043477
905,0.6589978723404255,0.6589978723404255
906,0.6589978723404255,0.6589978723404255
907,0.6589978723404255,0.6589978723404255
908,2.2446,2.2446
909,0.0,0.0
910,0.5856973913043477,0.5856973913043477
911,8.454461538461539,8.454461538461539
912,8.454461538461539,8.454461538461539
913,2.2446,2.2446
914,0.5856973913043477,0.5856973913043477
915,2.2446,2.2446
916,3.1218,3.1218
917,0.4051555555555556,0.4051555555555556
918,0.6589978723404255,0.6589978723404255
919,0.6589978723404255,0.6589978723404255
920,0.5856973913043477,0.5856973913043477
921,0.5856973913043477,0.5856973913043477
922,0.6589978723404255,0.6589978723404255
923,0.4051555555555556,0.4051555555555556
924,8.454461538461539,8.454461538461539
925,0.0,0.0
926,0.5856973913043477,0.5856973913043477
927,0.5856973913043477,0.5856973913043477
928,0.5856973913043477,0.5856973913043477
929,0.5856973913043477,0.5856973913043477
930,0.4051555555555556,0.4051555555555556
931,0.4051555555555556,0.4051555555555556
932,0.6589978723404255,0.6589978723404255
933,0.5856973913043477,0.5856973913043477
934,0.6589978723404255,0.6589978723404255
935,0.6589978723404255,0.6589978723404255
936,0.4051555555555556,0.4051555555555556
937,0.4051555555555556,0.4051555555555556
938,0.5856973913043477,0.5856973913043477
939,0.5856973913043477,0.5856973913043477
940,8.454461538461539,8.454461538461539
941,0.6589978723404255,0.6589978723404255
942,0.6589978723404255,0.6589978723404255
943,0.4051555555555556,0.4051555555555556
944,0.5856973913043477,0.5856973913043477
945,0.6589978723404255,0.6589978723404255
946,0.5856973913043477,0.5856973913043477
947,0.5856973913043477,0.5856973913043477
948,0.5856973913043477,0.5856973913043477
949,0.4051555555555556,0.4051555555555556
950,2.2446,2.2446
951,0.6589978723404255,0.6589978723404255
952,0.6589978723404255,0.6589978723404255
953,0.6589978723404255,0.6589978723404255
954,0.6589978723404255,0.6589978723404255
955,0.5856973913043477,0.5856973913043477
956,0.5856973913043477,0.5856973913043477
957,0.6589978723404255,0.6589978723404255
958,0.4051555555555556,0.4051555555555556
959,0.5856973913043477,0.5856973913043477
960,0.6589978723404255,0.6589978723404255
961,0.5856973913043477,0.5856973913043477
962,0.5856973913043477,0.5856973913043477
963,2.2446,2.2446
964,3.731076923076923,3.731076923076923
965,0.5856973913043477,0.5856973913043477
966,0.6589978723404255,0.6589978723404255
967,0.6589978723404255,0.6589978723404255
968,0.6589978723404255,0.6589978723404255
969,8.454461538461539,8.454461538461539
970,0.4051555555555556,0.4051555555555556
971,0.5856973913043477,0.5856973913043477
972,0.5856973913043477,0.5856973913043477
973,2.2446,2.2446
974,2.2446,2.2446
975,0.4051555555555556,0.4051555555555556
976,0.5856973913043477,0.5856973913043477
977,0.6589978723404255,0.6589978723404255
978,0.0,0.0
979,0.4051555555555556,0.4051555555555556
980,0.6589978723404255,0.6589978723404255
981,0.4051555555555556,0.4051555555555556
982,0.4051555555555556,0.4051555555555556
983,0.5856973913043477,0.5856973913043477
984,0.0,0.0
985,0.6589978723404255,0.6589978723404255
986,0.6589978723404255,0.6589978723404255
987,0.6589978723404255,0.6589978723404255
988,0.5856973913043477,0.5856973913043477
989,8.454461538461539,8.454461538461539
990,0.6589978723404255,0.6589978723404255
991,3.731076923076923,3.731076923076923
992,0.5856973913043477,0.5856973913043477
993,0.6589978723404255,0.6589978723404255
994,0.6589978723404255,0.6589978723404255
995,0.6589978723404255,0.6589978723404255
996,0.5856973913043477,0.5856973913043477
997,0.6589978723404255,0.6589978723404255
998,2.2446,2.2446
999,0.5856973913043477,0.5856973913043477
1000,0.4051555555555556,0.4051555555555556
1001,0.5856973913043477,0.5856973913043477
1002,0.6589978723404255,0.6589978723404255
1003,0.6589978723404255,0.6589978723404255
1004,8.454461538461539,8.454461538461539
1005,0.6589978723404255,0.6589978723404255
1006,0.4051555555555556,0.4051555555555556
1007,2.2446,2.2446
1008,0.6589978723404255,0.6589978723404255
1009,0.5856973913043477,0.5856973913043477
1010,0.6589978723404255,0.6589978723404255
1011,2.2446,2.2446
1012,0.5856973913043477,0.5856973913043477
1013,0.6589978723404255,0.6589978723404255
1014,0.6589978723404255,0.6589978723404255
1015,2.2446,2.2446
1016,0.6589978723404255,0.6589978723404255
1017,0.5856973913043477,0.5856973913043477
1018,0.6589978723404255,0.6589978723404255
1019,0.6589978723404255,0.6589978723404255
1020,0.6589978723404255,0.6589978723404255
1021,8.454461538461539,8.454461538461539
1022,0.6589978723404255,0.6589978723404255
1023,2.2446,2.2446
1024,0.6589978723404255,0.6589978723404255
1025,0.6589978723404255,0.6589978723404255
1026,0.4051555555555556,0.4051555555555556
1027,0.5856973913043477,0.5856973913043477
1028,0.6589978723404255,0.6589978723404255
1029,0.5856973913043477,0.5856973913043477
1030,0.6589978723404255,0.6589978723404255
1031,2.2446,2.2446
1032,0.6589978723404255,0.6589978723404255
1033,0.5856973913043477,0.5856973913043477
1034,0.4051555555555556,0.4051555555555556
1035,0.6589978723404255,0.6589978723404255
1036,0.5856973913043477,0.5856973913043477
1037,0.6589978723404255,0.6589978723404255
1038,2.2446,2.2446
1039,0.6589978723404255,0.6589978723404255
1040,0.6589978723404255,0.6589978723404255
1041,0.5856973913043477,0.5856973913043477
1042,0.6589978723404255,0.6589978723404255
1043,2.3736,2.3736
1044,0.4051555555555556,0.4051555555555556
1045,0.6589978723404255,0.6589978723404255
1046,2.2446,2.2446
1047,0.6589978723404255,0.6589978723404255
1048,3.731076923076923,3.731076923076923
1049,0.6589978723404255,0.6589978723404255
1050,0.5856973913043477,0.5856973913043477
1051,0.5856973913043477,0.5856973913043477
1052,0.6589978723404255,0.6589978723404255
1053,2.2446,2.2446
1054,0.5856973913043477,0.5856973913043477
1055,0.5856973913043477,0.5856973913043477
1056,8.454461538461539,8.454461538461539
1057,0.6589978723404255,0.6589978723404255
1058,0.4051555555555556,0.4051555555555556
1059,1.6512,1.6512
1060,0.4051555555555556,0.4051555555555556
1061,0.0,0.0
1062,0.6589978723404255,0.6589978723404255
1063,2.2446,2.2446
1064,0.0,0.0
1065,0.4051555555555556,0.4051555555555556
1066,3.731076923076923,3.731076923076923
1067,2.2446,2.2446
1068,0.0,0.0
1069,0.4051555555555556,0.4051555555555556
