id,Olivier Besancenot,Marie-George Buffet,Gérard Schivardi,François Bayrou,José Bové,Dominique Voynet,Philippe de Villiers,Ségolène Royal,Frédéric Nihous,Jean-Marie Le Pen,Arlette Laguiller,Nicolas Sarkozy
0,0,0,0,0,0,0,0,0,0,0,0,0
1,0,0,0,0,1,1,0,1,0,0,0,0
2,0,0,0,0,0,0,0,0,0,0,0,1
3,0,0,0,0,0,0,0,0,0,0,0,0
4,1,0,0,0,1,1,0,0,0,0,1,0
5,0,0,0,1,1,0,0,1,0,0,0,1
6,0,0,0,1,0,0,0,0,0,0,0,0
7,1,0,0,0,1,0,0,1,0,0,0,0
8,0,0,0,1,0,0,0,0,0,0,0,0
9,0,0,0,1,0,0,0,0,0,0,0,0
10,0,0,0,0,0,0,0,0,0,0,1,0
11,1,0,0,1,1,0,0,1,0,0,0,0
12,0,0,0,0,0,0,0,1,0,0,0,0
13,0,0,0,1,1,0,0,1,0,0,0,1
14,0,0,0,0,0,0,0,0,0,0,0,0
15,1,0,0,0,1,0,1,1,0,0,1,0
16,1,0,0,0,1,0,0,1,0,0,0,0
17,1,0,0,0,1,1,0,1,0,0,0,0
18,0,0,0,0,0,0,0,0,0,0,0,0
19,1,1,0,0,0,0,0,1,0,0,0,0
20,0,0,0,0,0,0,0,1,0,0,0,0
21,0,0,0,0,0,0,1,0,0,1,0,1
22,0,0,0,0,0,0,0,1,0,0,0,0
23,0,0,0,0,0,0,0,1,0,0,0,0
24,0,0,0,0,0,0,0,0,0,0,0,1
25,0,0,0,1,0,0,0,0,0,0,0,1
26,0,0,0,1,0,0,0,0,0,0,0,1
27,1,0,0,0,0,0,0,0,0,0,1,0
28,1,0,0,1,1,0,1,0,0,0,0,0
29,0,1,0,0,1,0,0,1,0,0,0,0
30,0,0,0,1,0,0,0,0,0,0,0,0
31,0,1,0,0,0,0,0,1,0,0,1,0
32,0,0,0,0,0,0,0,0,0,0,0,0
33,1,0,0,0,0,0,0,1,0,0,0,0
34,0,0,0,0,0,0,0,1,0,0,0,1
35,0,0,0,1,0,0,0,0,0,0,0,1
36,0,0,0,0,0,0,0,0,0,0,0,1
37,1,0,1,1,0,0,0,0,0,0,0,0
38,1,0,0,0,0,0,0,0,1,0,0,0
39,0,0,0,0,0,0,0,1,0,0,0,0
40,0,0,0,0,0,0,0,0,0,0,0,1
41,0,0,0,0,0,0,0,0,0,0,0,1
42,0,1,0,1,0,1,0,1,0,0,0,1
43,0,0,0,0,0,0,1,0,0,1,0,0
44,1,0,0,0,1,0,0,1,0,0,0,0
45,0,0,0,1,0,0,0,0,0,0,0,1
46,0,0,0,0,0,0,0,1,0,0,0,0
47,0,0,0,0,0,0,0,0,0,0,0,1
48,0,0,0,1,0,1,0,1,0,0,0,0
49,0,0,0,0,0,0,0,0,0,0,0,0
50,0,1,0,0,0,0,0,1,0,0,0,0
51,1,0,0,0,1,0,0,1,0,0,0,0
52,0,0,0,1,0,0,0,0,0,0,0,1
53,1,1,0,0,1,1,0,1,0,0,0,0
54,0,0,0,1,0,1,0,1,0,0,0,0
55,0,0,0,1,0,0,0,0,1,0,0,1
56,0,0,0,1,0,0,0,0,0,0,0,0
57,0,0,0,1,0,0,0,1,0,0,0,0
58,0,0,0,0,0,0,0,0,0,0,0,0
59,0,0,0,0,0,0,0,1,0,0,1,0
60,0,0,0,1,0,0,1,0,0,0,0,1
61,0,0,0,1,0,0,0,0,0,0,0,0
62,0,0,0,0,0,0,0,0,0,0,0,0
63,0,0,0,1,0,0,0,1,0,0,0,0
64,0,0,0,0,0,0,1,0,0,1,0,1
65,1,0,0,1,1,0,0,1,0,0,0,0
66,0,0,0,1,1,1,0,1,0,0,0,0
67,0,0,0,0,0,0,0,0,0,0,0,1
68,0,0,0,0,0,0,0,0,0,0,0,1
69,0,0,0,0,0,0,0,0,0,0,0,1
70,0,0,0,0,1,0,0,1,0,0,1,0
71,1,0,0,0,0,0,0,1,0,0,0,0
72,0,0,0,1,0,0,0,1,0,0,0,1
73,0,0,0,1,0,0,1,1,0,0,0,1
74,0,0,0,1,0,1,0,0,0,0,0,1
75,0,0,0,1,0,0,0,1,0,0,0,0
76,0,1,0,0,1,0,0,1,0,0,0,0
77,0,1,0,0,0,0,0,1,0,0,0,0
78,0,1,0,1,0,0,1,0,0,0,0,1
79,0,0,0,1,0,0,0,0,0,0,0,1
80,0,0,0,0,0,1,1,0,1,0,0,1
81,0,0,0,1,0,0,0,0,0,0,0,1
82,0,0,0,0,0,0,0,0,0,0,0,1
83,0,0,0,0,0,0,0,0,0,1,0,0
84,0,0,0,0,0,0,1,0,0,1,0,0
85,0,0,0,0,0,0,1,0,0,0,0,0
86,0,0,0,1,0,0,0,0,0,0,0,1
87,1,0,0,0,0,0,0,0,1,0,0,0
88,0,0,0,1,0,0,0,0,0,0,0,1
89,0,0,0,0,0,0,0,0,0,0,0,0
90,0,0,0,0,0,0,0,0,0,0,0,1
91,0,0,0,0,0,0,0,0,0,0,0,1
92,0,0,0,0,0,0,0,0,1,0,0,1
93,0,0,0,0,0,0,0,0,0,0,0,0
94,1,1,0,1,1,1,0,1,0,0,0,0
95,0,0,0,1,0,0,0,1,0,0,0,0
96,0,0,0,0,0,0,0,0,0,0,0,1
97,0,0,0,0,0,0,0,0,0,0,0,1
98,0,0,0,0,0,0,0,0,0,0,0,1
99,0,0,0,1,1,1,1,1,0,0,0,0
100,0,0,0,0,0,0,0,1,0,0,0,0
101,0,0,0,0,0,0,0,1,0,0,0,0
102,0,0,0,0,0,0,1,0,0,0,0,0
103,1,0,0,1,0,1,0,1,0,0,0,0
104,0,0,0,1,0,0,0,0,0,0,0,0
105,0,0,0,1,0,0,0,0,0,0,0,1
106,0,0,1,1,0,0,1,0,0,1,0,1
107,0,0,0,1,0,1,0,1,0,0,0,0
108,0,0,0,0,1,0,0,1,0,0,0,0
109,0,0,0,0,0,0,0,0,0,0,0,1
110,0,0,0,1,0,0,0,1,0,0,0,0
111,0,0,0,0,0,1,0,0,0,0,0,1
112,0,0,0,1,0,0,0,1,0,0,0,0
113,0,0,0,0,0,0,0,0,0,0,0,1
114,1,0,0,0,1,0,0,1,0,0,0,0
115,0,0,0,0,0,0,0,1,0,0,0,0
116,0,0,0,0,0,1,0,1,0,0,0,0
117,0,0,0,0,0,0,0,0,0,0,0,0
118,1,1,0,0,1,1,0,1,1,0,1,0
119,0,0,0,0,0,0,0,1,0,0,0,0
120,0,0,0,1,1,0,1,0,1,0,0,1
121,0,0,0,0,0,0,0,0,0,0,0,1
122,0,0,0,1,0,0,0,1,0,0,0,0
123,0,0,0,0,0,1,0,1,0,0,0,0
124,1,0,0,1,0,0,0,1,0,0,0,0
125,1,1,0,1,0,1,0,1,0,0,0,1
126,1,0,0,0,0,0,0,0,0,0,0,0
127,0,0,0,0,0,0,1,0,0,0,0,0
128,1,0,0,1,0,1,0,1,0,0,0,0
129,0,0,0,0,0,0,0,1,0,1,0,1
130,0,0,0,1,0,0,1,1,0,0,0,1
131,0,0,0,0,0,0,0,0,0,0,0,1
132,0,1,0,0,0,1,0,1,0,0,0,0
133,0,0,0,0,0,1,0,1,0,0,0,0
134,0,1,0,0,0,1,0,0,0,0,0,0
135,0,0,0,0,0,0,0,1,0,0,0,0
136,1,0,1,0,0,0,0,1,0,0,0,0
137,0,0,0,1,0,0,1,0,0,0,0,1
138,0,0,0,1,0,0,0,0,0,0,0,0
139,0,0,0,1,1,0,0,0,0,0,0,0
140,1,0,0,1,0,0,0,0,0,0,0,0
141,0,0,0,0,0,0,0,1,0,0,0,0
142,0,0,0,0,0,0,0,0,0,0,0,0
143,1,0,0,0,0,0,1,1,0,1,0,0
144,1,0,0,0,0,0,1,1,0,0,0,0
145,0,0,0,1,0,0,1,0,0,0,0,1
146,0,0,0,1,0,0,0,0,0,0,0,1
147,1,0,0,0,0,0,1,0,0,0,0,0
148,0,0,0,1,0,0,0,0,0,0,0,1
149,0,0,1,0,0,0,1,0,1,0,1,0
150,0,1,1,0,0,1,0,0,0,0,1,0
151,0,0,0,1,0,0,0,1,0,0,0,1
152,1,0,0,0,1,0,0,0,0,0,1,0
153,0,0,0,0,0,0,0,0,1,0,0,1
154,0,0,0,0,0,0,0,1,0,0,0,0
155,0,0,0,0,0,0,0,0,0,0,0,1
156,0,0,0,0,0,1,0,1,0,0,0,0
157,0,0,0,1,0,1,0,1,0,0,0,0
158,0,0,0,0,0,0,0,1,0,0,0,0
159,0,0,0,0,0,0,0,0,0,0,0,1
160,0,0,0,0,0,0,0,0,0,0,0,0
161,0,0,0,0,0,0,0,0,0,1,0,0
162,0,0,0,1,0,0,0,1,0,0,0,0
163,0,0,0,1,0,0,0,1,0,0,0,0
164,0,0,0,1,0,0,0,1,0,0,0,0
165,1,0,0,0,1,1,0,1,0,0,0,0
166,0,0,0,0,0,0,0,1,0,0,0,0
167,0,0,0,0,0,0,0,1,0,0,0,1
168,0,0,0,1,0,0,0,1,0,0,0,0
169,1,0,0,1,1,0,0,1,0,0,0,0
170,1,0,0,0,1,1,0,1,0,0,0,0
171,0,0,0,1,1,0,0,0,0,0,0,1
172,1,0,0,1,0,0,0,1,1,0,0,0
173,0,0,0,0,0,0,0,0,0,0,0,1
174,0,0,0,1,0,1,0,1,0,0,0,0
175,0,0,0,0,0,0,0,0,0,0,0,1
176,1,0,0,1,0,0,0,1,0,0,0,0
177,0,0,0,0,0,0,0,0,0,0,1,0
178,0,0,0,0,0,0,0,0,1,0,0,0
179,1,0,0,1,0,0,0,1,0,0,0,1
180,0,0,0,1,0,0,0,0,0,0,0,0
181,1,0,0,0,1,0,0,1,0,0,1,0
182,1,0,0,0,1,0,0,0,0,0,0,0
183,1,1,0,0,1,1,0,1,0,0,1,0
184,0,0,0,0,0,0,0,0,0,1,0,1
185,0,0,0,1,1,0,0,0,0,0,0,0
186,0,0,0,0,0,0,0,1,0,0,0,0
187,0,0,0,0,0,0,0,0,0,1,1,1
188,1,0,0,0,0,0,0,1,0,0,0,0
189,1,0,0,1,0,0,0,0,0,0,0,1
190,0,0,0,0,0,0,0,0,0,0,0,1
191,0,0,0,0,0,0,0,0,0,0,0,0
192,0,0,0,0,0,0,0,0,0,0,0,1
193,1,1,0,0,0,1,0,1,0,0,0,0
194,0,0,1,1,0,0,0,0,1,0,0,1
195,0,0,0,0,0,0,0,0,0,0,0,0
196,0,0,0,0,0,0,0,0,0,0,0,1
197,1,0,0,1,0,0,0,1,0,0,0,0
198,0,0,0,0,0,0,0,1,0,0,0,0
199,1,0,0,0,0,0,0,1,0,0,0,0
200,0,0,0,0,0,0,0,0,0,0,0,0
201,0,0,0,1,0,0,0,0,0,0,0,1
202,0,0,0,0,0,0,0,0,0,0,0,1
203,1,0,0,1,0,0,0,1,0,0,0,0
204,0,0,0,1,0,0,0,1,0,0,0,1
205,1,0,0,0,1,0,0,1,0,0,0,0
206,0,0,0,1,0,0,0,0,0,0,0,1
207,1,0,0,0,0,0,0,0,1,0,0,0
208,0,0,0,0,0,0,1,1,0,0,0,1
209,0,0,0,1,0,0,0,0,0,0,0,0
210,0,0,0,0,0,0,1,0,0,0,0,1
211,0,0,0,1,1,0,0,0,0,0,0,0
212,0,0,0,1,0,0,0,0,0,0,0,0
213,1,1,0,0,0,0,0,1,0,0,1,0
214,1,0,1,0,1,0,0,0,0,0,0,0
215,0,0,0,1,1,0,0,0,0,1,0,1
216,0,1,0,0,0,0,0,1,0,0,0,0
217,0,0,0,1,0,0,0,1,0,0,0,0
218,1,0,0,0,0,0,1,0,0,0,0,0
219,0,0,0,0,1,0,0,0,0,1,1,1
220,1,0,0,0,0,0,0,1,0,0,0,0
221,1,0,0,1,0,0,0,1,0,0,0,0
222,1,1,0,0,0,0,0,1,0,0,0,0
223,0,0,0,0,0,1,0,1,0,0,0,0
224,0,0,0,0,0,0,1,0,0,0,0,0
225,0,0,0,0,0,0,0,0,0,0,0,1
226,0,0,0,0,0,0,0,1,0,1,0,1
227,0,0,0,1,0,0,0,1,0,0,0,1
228,0,0,1,1,1,0,0,0,0,0,0,0
229,1,0,0,0,1,0,0,0,0,1,0,0
230,0,0,0,1,0,0,0,1,0,0,0,0
231,0,0,0,0,0,0,0,0,0,0,0,0
232,0,0,0,0,0,0,0,0,0,0,0,0
233,0,0,0,0,0,0,0,1,0,0,0,0
234,1,0,0,0,0,1,0,1,0,0,1,0
235,0,0,0,1,0,0,0,1,0,0,0,0
236,0,0,0,1,0,0,0,0,0,0,1,0
237,0,0,0,1,0,0,0,0,0,0,0,1
238,0,0,0,1,0,0,0,1,0,0,0,1
239,0,0,0,1,0,0,0,0,0,0,0,1
240,0,0,0,1,0,1,0,0,0,0,0,1
241,0,0,0,0,0,0,0,0,0,0,0,1
242,0,0,0,1,0,0,0,1,0,0,0,0
243,0,0,0,1,0,0,0,0,0,1,0,1
244,0,0,0,1,0,1,0,1,0,0,0,0
245,0,0,0,1,0,0,0,1,0,0,0,0
246,0,0,0,0,0,0,0,0,0,0,0,1
247,0,0,0,0,0,0,0,0,0,0,0,0
248,0,0,0,0,0,1,0,0,0,0,0,1
249,0,0,0,1,0,0,0,0,0,0,0,1
250,0,0,0,0,0,0,0,1,0,0,0,0
251,0,0,0,1,1,1,0,0,0,0,0,0
252,0,0,0,0,0,0,1,0,0,1,0,1
253,0,0,0,0,0,0,0,0,0,0,0,1
254,1,0,0,1,1,1,0,0,0,0,0,0
255,0,0,0,0,0,0,1,0,0,0,0,1
256,0,0,0,0,0,0,0,0,0,0,0,1
257,1,0,0,1,0,1,0,0,0,0,0,0
258,0,0,0,1,0,1,0,1,0,0,0,1
259,0,0,0,1,0,0,0,0,0,0,0,1
260,0,0,0,0,0,0,0,0,0,0,0,1
261,0,0,0,1,0,0,0,0,0,0,0,1
262,1,0,0,0,0,1,0,0,0,0,0,0
263,0,0,0,0,0,0,1,0,0,1,0,1
264,0,0,0,0,0,0,0,1,0,0,0,0
265,1,1,0,0,1,0,0,0,0,0,0,1
266,1,0,0,0,1,0,0,0,0,0,1,0
267,0,0,0,1,1,0,0,1,0,0,0,0
268,1,0,0,1,0,0,0,1,0,0,1,0
269,0,0,0,0,0,0,1,0,0,1,0,1
270,1,0,0,0,0,0,0,0,1,1,0,0
271,1,0,0,0,0,0,0,1,0,0,1,0
272,0,0,0,0,0,0,1,0,0,1,0,1
273,0,0,0,1,0,1,0,1,0,0,0,0
274,0,0,0,0,0,0,0,0,0,0,0,0
275,0,0,0,0,0,0,0,0,0,0,0,0
276,0,0,0,1,0,0,0,1,0,0,0,0
277,0,0,0,1,0,0,0,1,0,0,0,1
278,0,0,0,0,0,0,0,0,0,0,0,0
279,1,0,0,1,0,1,0,1,0,1,1,1
280,0,1,0,1,0,1,0,0,0,0,0,0
281,0,1,0,0,1,1,0,1,0,0,0,0
282,0,0,0,1,0,0,0,0,0,0,0,1
283,0,0,0,0,0,0,0,0,0,1,0,1
284,1,1,0,1,1,1,0,1,0,0,1,0
285,0,0,0,1,0,0,1,0,1,1,1,1
286,0,0,0,0,0,0,0,1,0,0,0,0
287,0,0,0,0,0,0,0,1,0,0,0,1
288,0,0,0,1,0,0,0,1,0,0,0,1
289,0,0,0,0,0,0,0,0,0,0,0,0
290,1,0,0,1,0,0,0,0,0,0,0,0
291,0,0,0,0,0,0,0,0,0,0,0,1
292,0,0,0,1,0,0,0,0,0,0,0,1
293,0,0,0,1,0,1,0,0,0,0,0,1
294,0,0,1,0,0,0,1,0,0,0,0,1
295,0,0,0,1,0,0,0,1,0,0,0,1
296,0,0,0,1,1,0,0,1,0,0,0,1
297,0,0,0,1,0,0,0,0,0,0,0,0
298,0,0,0,0,0,0,1,0,0,0,0,1
299,0,0,0,0,0,0,0,0,0,0,0,1
300,0,0,0,1,0,0,1,1,0,1,0,1
301,0,0,0,1,0,1,0,1,0,0,0,0
302,0,0,0,1,0,0,0,0,0,0,0,1
303,0,0,0,1,0,0,0,1,0,0,1,0
304,0,0,0,1,1,1,0,1,0,1,0,1
305,0,0,0,1,1,1,0,1,1,0,1,1
306,0,0,1,1,0,1,0,0,1,0,0,1
307,1,1,1,0,1,0,0,0,0,0,0,0
308,1,0,0,0,0,0,0,0,0,1,0,1
309,0,0,0,1,0,0,0,0,0,0,0,1
310,1,1,0,0,0,0,0,1,0,0,1,0
311,0,0,0,0,0,0,0,0,0,1,0,1
312,0,0,0,1,0,0,0,0,0,0,0,1
313,0,0,0,0,0,0,1,0,0,0,0,1
314,0,0,0,0,0,0,1,0,0,0,0,1
315,0,0,0,0,0,0,0,1,0,0,0,0
316,0,0,0,0,0,1,0,1,0,0,0,0
317,0,0,0,0,0,0,0,0,0,0,0,1
318,0,0,0,0,0,0,0,0,0,0,0,1
319,0,0,0,0,0,1,0,1,0,0,0,0
320,0,0,0,0,0,0,1,0,0,0,0,1
321,0,0,0,0,0,0,0,0,0,0,0,1
322,0,0,0,0,0,1,0,1,0,0,0,0
323,0,0,0,0,0,0,1,0,0,0,0,1
324,0,0,0,0,0,0,0,0,0,1,1,1
325,0,0,0,0,0,0,0,0,0,0,0,1
326,1,0,0,1,0,0,0,1,0,0,0,1
327,1,0,0,1,0,1,0,1,0,0,1,0
328,0,0,0,1,1,0,1,0,0,0,0,1
329,0,0,0,0,0,1,0,1,0,0,0,0
330,0,0,0,0,0,0,0,0,0,0,0,1
331,0,0,0,0,0,0,0,1,0,0,0,0
332,0,0,0,1,0,1,0,0,0,0,0,0
333,1,0,0,1,1,1,0,1,0,0,0,0
334,0,0,0,0,0,0,0,0,0,0,0,0
335,0,1,0,0,0,0,0,1,0,0,0,0
336,1,0,0,1,1,0,0,1,0,0,0,0
337,0,1,0,0,0,0,0,1,0,0,0,1
338,0,0,0,1,0,0,0,1,0,0,0,1
339,1,0,0,0,0,0,0,1,0,0,0,0
340,0,0,0,0,0,0,0,0,0,0,0,1
341,1,0,0,1,0,0,0,1,0,0,0,0
342,0,0,0,1,0,0,0,0,0,0,0,0
343,0,0,0,1,0,0,0,0,0,0,0,1
344,0,0,0,1,0,0,0,0,0,0,0,0
345,1,0,0,1,0,0,0,0,0,0,0,1
346,0,0,0,1,0,1,0,1,0,0,0,1
347,0,0,0,0,0,0,0,0,0,0,0,1
348,0,0,0,0,0,0,0,0,0,0,0,0
349,0,0,0,0,0,0,1,0,0,1,0,1
350,0,0,0,1,0,1,0,0,0,0,0,1
351,0,0,0,0,0,0,0,0,0,0,0,1
352,0,0,0,0,0,0,1,0,0,1,0,1
353,0,0,0,1,0,1,0,0,0,0,0,1
354,1,0,1,0,0,0,0,0,0,0,0,0
355,0,0,0,1,0,0,0,0,0,1,0,1
356,0,0,0,1,1,0,0,1,0,0,0,1
357,0,0,0,1,0,0,1,0,0,1,0,0
358,1,0,0,0,1,0,0,1,0,0,0,0
359,0,0,0,0,0,0,0,0,0,0,0,1
360,0,0,0,0,0,0,0,0,0,0,0,1
361,1,1,0,0,0,0,0,1,0,0,0,0
362,0,0,0,0,0,0,0,0,0,0,0,1
363,0,0,0,0,0,0,1,0,0,0,0,1
364,0,0,0,0,0,0,0,0,0,0,0,1
365,0,0,0,0,0,0,0,1,0,0,0,1
366,0,0,0,1,0,0,0,0,0,0,0,0
367,0,0,0,0,0,0,0,0,0,0,0,0
368,0,0,0,1,0,0,1,0,0,1,0,1
369,0,0,0,1,0,0,0,0,0,0,0,0
370,0,0,0,0,0,0,0,0,0,0,0,1
371,1,0,0,0,1,0,0,1,0,0,0,0
372,0,1,0,0,0,0,0,0,0,1,0,1
373,0,0,0,1,0,0,0,0,0,0,0,0
374,0,0,0,1,0,0,0,1,0,0,0,0
375,0,0,0,1,0,0,0,0,0,0,0,1
376,0,0,0,0,0,0,0,0,0,0,0,1
377,0,0,0,1,0,0,0,0,0,0,0,1
378,0,0,0,0,0,0,0,0,0,0,0,1
379,0,0,0,1,0,0,0,0,0,0,0,0
380,0,0,0,1,0,1,0,1,0,0,0,0
381,0,0,0,0,0,0,0,1,0,0,0,0
382,0,0,0,1,0,0,1,1,0,0,0,0
383,0,0,0,0,0,0,0,0,0,0,0,1
384,0,0,0,1,0,0,1,0,0,1,0,1
385,0,0,0,1,0,1,0,0,0,0,0,0
386,0,0,0,0,0,0,0,0,0,0,0,1
387,0,0,0,0,1,0,0,1,0,0,0,0
388,0,0,0,0,0,0,0,0,0,1,0,0
389,0,0,0,1,0,0,0,1,0,0,0,0
390,0,0,0,1,0,0,0,0,0,0,0,0
391,0,0,0,1,0,0,0,0,0,1,0,1
392,0,0,0,0,0,0,0,0,0,0,0,1
393,0,0,0,0,0,0,0,0,0,0,0,1
394,0,0,0,0,0,0,0,1,0,0,0,1
395,0,0,0,1,0,0,0,1,0,0,0,1
396,0,1,0,1,1,1,0,1,0,0,0,1
397,1,0,0,0,0,0,0,1,0,0,1,0
398,0,0,0,1,0,1,0,1,0,0,0,0
399,0,0,0,0,0,0,0,0,0,0,0,1
400,0,0,0,0,0,0,0,0,0,0,0,0
401,0,0,0,1,0,0,1,0,0,1,0,1
402,0,0,0,1,0,0,1,0,0,1,0,1
403,0,0,0,1,0,0,0,0,0,0,0,1
404,1,0,0,1,1,1,0,0,0,0,1,0
405,0,0,0,1,0,1,0,1,0,0,0,0
406,0,0,0,1,0,0,0,1,0,0,0,0
407,0,0,0,0,0,0,0,1,0,0,0,0
408,1,0,0,0,1,0,0,1,0,0,1,0
409,1,0,0,1,0,0,0,1,0,0,1,0
410,0,0,0,1,0,0,0,1,0,0,1,0
411,0,0,0,1,0,0,0,1,0,0,0,1
412,0,0,0,1,1,0,0,1,0,0,1,0
413,0,0,0,1,0,0,0,1,0,0,0,0
414,0,0,0,0,0,0,0,1,0,0,0,1
415,0,0,0,0,0,1,0,1,0,0,0,0
416,1,0,0,0,0,0,0,1,0,0,0,0
417,0,0,0,0,0,0,0,1,0,0,0,0
418,0,0,0,1,0,0,0,0,0,0,0,0
419,0,1,0,0,0,1,0,0,0,0,0,0
420,0,0,0,1,0,0,0,1,0,0,0,0
421,1,0,0,1,0,0,0,0,0,0,1,0
422,1,1,0,0,0,1,0,0,0,0,1,0
423,0,0,0,1,0,0,0,1,0,0,0,0
424,0,0,0,1,0,0,0,1,0,0,0,0
425,0,0,0,1,0,1,0,0,0,0,0,0
426,0,0,0,0,0,0,1,0,0,0,0,1
427,0,0,0,1,0,0,0,0,0,0,0,1
428,0,0,0,0,0,0,0,0,0,0,1,1
429,0,0,0,0,0,0,0,0,0,0,0,1
430,0,0,0,1,0,0,0,0,0,0,0,1
431,1,0,0,1,1,0,0,1,0,0,0,1
432,0,0,0,1,1,1,0,0,0,1,0,1
433,0,0,0,1,0,0,0,1,0,1,0,1
434,0,0,0,1,0,0,0,0,0,0,0,1
435,0,0,0,1,0,0,0,1,0,0,0,0
436,0,0,0,1,0,0,0,0,0,0,0,1
437,0,0,0,1,0,0,1,0,0,0,0,1
438,0,0,0,0,0,0,0,0,0,0,0,0
439,0,0,0,0,0,0,0,0,0,0,0,0
440,0,0,0,1,0,0,1,0,0,0,0,1
441,0,0,0,1,0,0,0,0,0,0,0,1
442,0,0,0,1,0,0,0,1,0,0,1,1
443,1,0,0,1,0,0,0,0,0,0,0,1
444,0,0,0,1,0,1,0,0,0,0,0,1
445,1,0,1,0,0,0,1,0,1,0,0,1
446,0,0,0,0,0,0,0,1,0,0,0,1
447,0,0,0,1,0,0,0,0,0,0,0,1
448,0,0,0,0,0,0,0,0,0,0,0,1
449,0,0,0,0,0,0,0,0,0,1,0,1
450,0,0,0,1,0,0,0,0,0,0,0,1
451,0,0,0,0,0,0,0,0,0,0,0,1
452,1,1,0,0,0,1,0,1,0,0,0,0
453,1,0,0,1,0,0,0,1,0,0,0,0
454,1,0,0,1,1,1,0,1,0,0,0,0
455,0,0,0,1,0,0,0,0,0,0,0,0
456,0,0,0,0,0,0,0,0,0,0,0,1
457,0,0,0,0,0,0,0,0,0,0,0,1
458,0,0,0,0,0,0,0,0,0,0,0,0
459,0,0,0,0,1,1,0,1,0,0,1,0
460,0,0,0,1,0,0,0,0,0,0,0,1
461,0,0,0,0,1,0,0,1,0,1,0,1
462,0,0,0,0,0,0,0,0,0,0,0,1
463,0,0,0,1,0,0,0,1,0,0,0,1
464,0,0,0,1,0,0,0,1,0,0,0,0
465,0,0,0,1,0,0,0,0,0,0,0,1
466,1,0,0,1,0,0,0,1,0,0,1,1
467,0,0,0,1,0,0,0,0,0,0,0,0
468,0,0,0,0,0,0,0,0,0,0,0,1
469,0,0,0,1,0,0,0,1,0,0,0,0
470,0,0,0,0,0,0,0,0,0,0,0,1
471,0,0,0,1,0,0,0,0,1,1,0,1
472,0,0,0,1,0,0,0,0,0,0,0,1
473,1,0,0,0,0,0,0,0,0,1,0,1
474,1,0,0,0,1,0,0,1,0,0,0,0
475,0,0,0,0,0,1,0,1,0,0,0,0
476,0,0,0,1,0,0,1,1,0,0,0,0
477,1,0,0,1,0,0,0,0,0,1,0,1
478,0,0,0,0,0,0,0,0,0,1,0,1
479,0,0,0,1,0,0,0,0,0,0,0,1
480,0,0,0,0,0,0,0,0,0,1,0,1
481,0,0,0,0,0,0,0,0,0,0,0,1
482,0,0,0,1,0,0,0,0,0,0,0,1
483,1,0,0,0,1,0,0,0,0,0,0,1
484,0,0,0,1,1,1,0,0,0,0,0,0
485,0,0,0,0,0,0,0,0,0,0,0,1
486,0,0,0,1,0,0,0,0,0,1,0,1
487,0,0,0,0,0,0,0,0,0,1,0,1
488,0,0,0,1,0,0,0,0,0,0,0,1
489,0,0,0,0,0,0,0,1,0,0,0,0
490,0,0,0,1,0,0,0,0,0,0,0,1
491,0,0,0,0,0,0,0,0,0,0,0,1
492,0,0,0,0,0,0,0,0,0,0,0,0
493,0,0,0,1,0,1,0,0,0,0,0,0
494,0,0,0,1,0,0,0,0,0,0,0,1
495,0,0,0,0,0,0,0,0,0,0,0,1
496,1,0,0,0,0,0,0,0,0,0,0,1
497,0,0,0,0,0,0,0,0,0,1,0,1
498,1,0,0,0,0,1,0,1,0,0,0,0
499,0,0,0,0,0,1,0,1,0,0,0,0
500,1,1,0,1,0,1,0,0,0,0,0,1
501,0,0,0,0,0,0,0,0,0,1,0,0
502,1,1,1,1,1,1,0,1,1,0,1,1
503,0,0,0,1,1,0,0,1,0,1,0,1
504,0,0,0,1,0,0,0,1,0,0,1,0
505,1,0,1,0,0,0,1,0,0,0,0,0
506,0,0,0,0,0,0,0,0,0,0,0,1
507,1,0,0,1,0,0,0,1,0,0,0,0
508,0,0,0,1,0,0,0,0,0,0,0,0
509,1,0,0,1,0,0,0,1,1,1,0,1
510,1,0,0,0,0,0,0,0,1,0,0,1
511,0,0,0,1,0,1,0,1,0,1,0,1
512,0,0,0,0,0,0,0,0,0,0,0,1
513,0,0,0,0,0,0,0,0,0,0,0,1
514,0,0,0,0,0,0,0,0,0,0,0,0
515,1,0,0,1,0,0,0,1,0,0,1,0
516,0,0,0,1,0,0,0,1,0,0,0,1
517,0,0,0,0,0,1,0,0,0,0,1,1
518,0,0,0,0,0,0,0,0,0,0,0,0
519,0,0,0,0,0,0,0,0,0,0,0,0
520,1,0,0,1,1,1,0,1,0,0,0,0
521,0,0,0,1,0,0,0,0,0,0,1,0
522,0,0,0,1,0,0,0,0,0,0,0,1
523,1,1,0,1,0,0,0,0,0,0,0,0
524,0,0,0,1,0,0,0,0,0,0,0,0
525,1,0,0,1,0,0,0,0,0,0,0,0
526,1,0,0,0,0,0,0,0,0,1,0,1
527,0,1,0,0,0,1,0,1,0,0,0,0
528,0,0,0,0,1,1,0,1,0,0,0,0
529,0,0,0,1,0,0,1,0,0,1,0,0
530,1,1,0,0,0,1,0,1,0,0,1,0
531,0,0,0,1,0,0,1,0,0,1,0,1
532,1,0,0,1,0,1,0,0,0,0,0,0
533,1,0,0,1,1,1,0,0,0,0,0,0
534,0,0,0,0,0,1,0,0,0,1,0,1
535,0,0,0,1,0,0,0,0,0,0,0,0
536,0,0,0,1,0,0,0,0,0,1,0,1
537,0,0,0,0,0,0,0,0,0,0,0,1
538,0,0,0,1,0,0,0,0,1,0,0,1
539,1,1,0,1,0,1,0,1,0,0,1,0
540,1,0,0,1,0,0,0,1,0,1,0,1
541,1,0,0,1,0,0,0,1,0,0,0,0
542,0,0,0,1,0,0,0,0,0,0,0,1
543,0,0,0,0,0,1,0,0,0,0,0,1
544,0,0,0,0,0,0,1,0,0,1,0,1
545,0,0,0,1,0,0,0,0,0,0,0,1
546,1,0,0,1,0,0,0,0,0,0,0,0
547,0,0,0,1,0,0,0,1,0,0,0,1
548,0,0,0,0,0,0,0,1,0,0,0,0
549,0,0,0,1,0,0,0,0,0,0,0,1
550,1,0,1,0,0,0,0,1,0,0,0,0
551,0,0,0,1,1,0,0,1,0,0,0,1
552,1,0,0,1,0,0,0,1,0,0,1,1
553,0,0,0,1,0,0,0,1,0,0,0,0
554,1,1,0,0,0,0,0,0,0,0,0,0
555,0,0,0,0,0,0,0,1,0,0,0,1
556,0,1,0,1,0,1,0,1,0,0,1,0
557,0,0,0,0,0,0,0,0,0,0,0,1
558,0,0,0,0,0,0,0,1,0,0,0,1
559,0,0,0,0,0,0,0,0,0,0,0,1
560,0,0,0,0,0,0,0,1,0,0,0,0
561,0,0,0,1,0,1,0,1,0,0,0,0
562,0,0,0,1,0,0,0,0,0,1,0,1
563,1,0,0,0,0,1,0,0,0,0,0,1
564,0,0,0,1,0,0,0,0,0,1,0,1
565,0,0,0,0,0,0,0,0,0,0,0,1
566,0,0,0,1,0,0,0,0,0,0,0,0
567,0,0,0,0,0,0,0,0,0,0,0,1
568,0,0,0,1,0,0,1,0,0,0,0,1
569,0,0,0,0,0,0,0,0,0,0,0,1
570,0,0,0,1,0,0,0,0,0,0,0,1
571,0,0,0,0,0,0,0,0,0,0,0,1
572,0,0,0,1,0,0,0,0,0,0,0,1
573,1,0,0,1,0,0,0,1,0,0,0,0
574,1,0,0,1,0,0,0,1,0,0,0,0
575,0,0,0,1,0,0,0,0,0,0,0,1
576,0,0,0,0,0,1,0,0,0,0,0,1
577,0,0,0,0,0,0,0,0,0,0,0,1
578,1,0,0,0,0,0,0,0,0,0,0,1
579,0,0,0,0,1,1,0,1,0,0,0,0
580,0,0,0,1,0,0,0,0,0,0,0,0
581,0,0,0,1,0,0,0,1,0,0,0,0
582,0,0,0,0,0,0,0,0,0,0,0,1
583,0,0,0,0,0,1,0,1,0,0,0,0
584,0,0,0,1,0,0,0,0,0,0,0,0
585,0,0,1,1,0,0,1,0,0,1,0,0
586,0,0,0,1,0,0,0,1,0,0,0,1
587,0,0,0,0,0,0,0,0,0,0,0,1
588,0,0,0,1,0,0,0,0,0,0,0,0
589,0,0,0,0,0,0,0,0,0,1,0,1
590,0,0,0,1,0,0,0,0,0,1,0,1
591,1,0,0,0,1,1,0,1,0,0,0,0
592,0,0,0,1,0,0,0,0,0,0,0,1
593,0,0,0,1,0,0,0,1,0,0,0,1
594,0,0,0,0,0,0,0,0,1,1,0,1
595,0,0,0,1,0,0,0,1,0,0,0,0
596,0,0,0,1,0,0,0,0,0,0,0,1
597,0,0,0,1,0,1,0,0,0,0,0,1
598,1,0,0,0,0,0,0,0,0,0,1,1
599,0,0,0,1,0,1,0,1,0,0,0,0
600,0,0,0,0,0,0,0,1,0,0,0,0
601,0,0,0,1,1,1,0,1,0,0,0,1
602,0,0,0,1,0,0,1,0,0,0,0,1
603,0,0,0,0,0,0,0,1,0,0,0,1
604,1,0,0,1,0,0,0,0,0,1,0,0
605,0,0,0,0,0,0,0,1,0,0,0,0
606,1,0,0,0,0,0,0,1,0,0,1,0
607,1,1,0,0,0,0,0,1,0,0,0,0
608,0,0,0,1,0,0,1,0,0,0,0,0
609,0,0,0,0,0,0,0,0,0,0,0,0
610,0,1,0,0,0,1,0,1,0,0,1,0
611,1,0,0,0,1,1,0,1,0,0,0,0
612,1,0,0,0,0,0,0,1,0,0,0,0
613,0,0,0,0,0,1,0,1,0,0,0,1
614,1,0,0,0,0,1,0,1,0,0,1,0
615,0,0,0,0,0,0,0,1,0,0,0,1
616,0,0,0,1,0,0,0,1,0,0,0,0
617,0,0,0,0,0,0,0,1,0,0,0,0
618,0,0,0,1,0,0,0,0,0,0,0,0
619,0,0,0,0,0,0,0,1,0,0,0,1
620,0,0,0,1,0,0,0,0,0,0,0,1
621,0,0,0,1,0,0,0,0,0,0,0,1
622,0,0,0,1,0,0,0,0,0,0,0,0
623,1,0,0,1,0,0,0,0,0,0,0,1
624,1,0,0,1,0,0,0,1,0,0,1,0
625,0,0,0,0,0,0,1,0,0,0,0,1
626,0,0,0,0,0,0,1,0,0,0,0,1
627,1,0,0,0,0,0,0,1,0,0,0,0
628,0,0,0,0,0,1,0,0,0,0,1,1
629,1,1,0,0,0,1,0,1,0,0,1,0
630,0,0,0,1,0,0,0,1,0,0,0,0
631,0,1,0,0,0,1,0,1,0,0,0,0
632,0,0,0,0,0,0,0,1,0,0,0,0
633,0,0,0,0,1,0,0,0,0,0,1,1
634,0,0,0,0,0,0,1,0,0,1,0,1
635,0,0,0,1,0,1,0,0,0,0,0,0
636,0,0,0,0,0,0,1,0,0,0,0,1
637,0,0,0,0,1,0,0,0,0,0,1,1
638,0,0,0,0,0,0,0,0,0,0,0,1
639,0,0,0,1,0,0,0,0,0,0,0,1
640,0,0,0,0,0,0,0,0,0,0,0,1
641,1,0,0,1,0,0,0,1,0,0,1,0
642,0,0,0,0,0,0,0,0,0,0,0,0
643,0,0,0,1,0,0,0,0,0,1,0,1
644,0,0,0,1,0,0,0,0,0,0,0,1
645,1,0,0,0,1,0,0,1,0,0,0,0
646,1,0,0,1,1,0,0,1,0,0,1,0
647,0,0,0,1,0,0,0,1,0,0,0,0
648,0,0,0,0,0,0,0,0,0,0,0,0
649,0,0,0,0,0,0,0,0,0,0,0,1
650,0,0,0,0,0,0,0,0,0,0,0,1
651,0,0,0,0,0,0,0,0,0,0,0,1
652,0,0,0,0,0,0,0,0,0,0,0,1
653,0,0,0,0,0,0,0,0,0,0,0,1
654,0,0,0,1,1,1,0,0,0,0,0,1
655,0,0,0,1,0,0,1,0,0,1,0,1
656,0,0,0,0,1,1,0,0,0,0,0,0
657,0,1,0,1,0,0,0,1,0,0,0,0
658,0,0,0,1,0,0,0,1,0,0,0,1
659,0,0,0,1,0,0,0,1,0,0,0,0
660,0,0,0,1,0,0,0,1,0,0,0,1
661,0,0,0,0,1,0,0,1,0,0,0,0
662,0,0,0,0,0,0,0,0,0,0,0,1
663,0,0,0,0,0,0,0,0,0,0,0,1
664,0,0,0,1,0,0,0,0,0,0,0,0
665,0,0,0,1,0,1,0,0,0,0,0,1
666,0,0,0,1,0,0,0,0,0,0,0,0
667,0,0,0,1,0,0,0,1,0,0,0,0
668,0,0,0,1,0,1,1,0,1,0,0,0
669,0,0,0,0,0,0,0,0,0,0,0,1
670,1,1,0,0,1,0,0,0,0,0,1,0
671,0,0,0,1,0,1,0,1,0,0,0,1
672,0,0,0,1,0,0,0,0,0,0,0,1
673,0,0,0,1,0,0,0,0,0,0,0,1
674,0,0,0,1,0,0,0,1,0,0,0,0
675,1,0,0,1,0,1,0,0,0,0,0,0
676,0,0,0,0,0,0,0,0,0,0,0,1
677,0,0,0,0,0,0,1,0,0,1,0,1
678,1,0,0,0,0,0,0,1,0,0,0,0
679,0,0,0,0,0,0,0,0,0,0,0,1
680,0,0,0,1,0,1,0,1,0,0,0,0
681,0,0,0,1,0,0,0,1,0,0,0,0
682,0,0,0,1,0,0,0,0,0,0,0,0
683,0,0,0,1,0,0,0,0,0,0,0,0
684,0,0,0,1,0,0,0,1,0,0,0,0
685,0,0,0,1,0,0,0,0,0,0,0,0
686,0,0,0,1,0,0,0,0,0,0,0,1
687,0,0,0,0,0,0,0,0,0,0,0,1
688,0,0,0,0,0,0,0,0,0,0,0,1
689,0,0,0,1,0,0,0,0,0,0,0,1
690,0,0,0,0,0,0,0,0,0,0,0,1
691,0,1,0,1,1,0,0,1,0,0,0,0
692,0,0,0,1,0,0,0,1,0,0,0,1
693,0,0,0,1,0,0,0,1,0,0,0,1
694,0,0,0,0,0,0,0,1,0,0,0,0
695,0,1,0,1,1,0,0,1,0,0,0,0
696,0,0,0,0,0,0,0,0,0,0,0,1
697,0,0,0,0,0,0,0,0,0,0,0,1
698,0,0,0,1,0,0,0,0,0,0,0,0
699,0,0,0,1,0,0,0,1,0,0,0,0
700,1,0,0,1,0,0,0,1,0,0,0,0
701,1,0,0,1,0,0,0,0,0,0,0,1
702,0,0,0,0,0,0,0,1,0,0,0,0
703,0,0,0,1,0,0,0,0,0,0,0,0
704,0,0,0,1,0,0,0,0,0,1,0,0
705,0,0,0,1,0,0,0,1,0,0,0,1
706,0,0,0,1,1,0,0,0,0,0,0,0
707,0,0,0,1,1,0,0,0,0,0,0,0
708,0,0,0,0,0,0,0,1,0,0,0,0
709,0,0,0,0,0,0,0,0,0,0,0,1
710,0,0,0,0,1,0,0,0,0,0,0,1
711,0,0,0,1,1,0,0,0,0,0,0,0
712,0,0,0,1,0,0,0,0,0,0,0,1
713,0,0,0,1,1,0,0,0,0,0,0,1
714,0,0,0,1,0,0,0,0,0,0,0,1
715,0,0,0,1,0,0,0,0,0,0,0,0
716,0,0,0,1,0,0,0,0,0,0,0,1
717,1,0,0,0,1,0,0,0,0,0,0,0
718,0,0,0,0,1,0,0,0,0,1,0,0
719,0,0,0,1,0,0,1,0,0,0,0,0
720,0,0,0,0,0,0,0,0,0,0,1,0
721,0,0,0,0,0,0,0,0,0,0,0,1
722,1,0,0,1,0,0,0,0,0,0,0,1
723,0,0,0,1,1,0,0,1,0,0,0,1
724,0,0,0,1,0,0,1,1,0,0,0,1
725,0,0,0,0,0,0,0,1,0,0,0,1
726,0,0,0,1,0,0,0,0,0,1,0,0
727,0,0,0,0,1,0,0,0,0,0,0,1
728,0,0,0,1,0,0,0,1,0,0,0,0
729,0,0,0,0,0,0,0,0,0,0,0,1
730,1,0,0,0,0,0,0,1,0,0,0,0
731,0,0,0,0,0,0,1,0,0,0,0,1
732,0,0,0,1,0,0,0,0,0,0,0,1
733,0,0,0,0,0,0,0,1,0,0,0,0
734,0,0,0,0,0,0,1,0,0,0,0,1
735,0,0,0,0,0,0,0,0,0,0,0,1
736,0,0,0,1,0,0,0,1,0,0,0,0
737,0,0,0,1,0,0,0,1,0,0,0,0
738,0,0,0,1,1,1,0,0,0,0,0,0
739,0,0,0,0,0,0,0,1,0,0,0,0
740,1,0,0,1,0,0,0,1,0,0,0,0
741,0,0,0,1,0,0,0,1,0,0,0,0
742,0,0,0,0,0,0,1,0,0,1,0,1
743,0,0,0,1,0,0,0,1,0,0,1,0
744,0,0,0,1,0,0,0,0,0,0,0,0
745,0,0,0,0,0,0,0,0,0,1,0,1
746,0,0,0,1,0,0,1,0,0,1,0,1
747,0,0,0,1,0,0,0,0,0,0,0,0
748,1,0,1,0,1,0,0,1,0,0,0,0
749,0,0,0,0,0,0,1,0,0,1,0,1
750,0,0,0,1,0,0,0,1,0,0,0,1
751,0,0,0,0,0,0,0,1,0,1,0,1
752,0,0,0,1,0,0,0,0,0,0,0,0
753,0,0,0,0,0,0,0,0,0,0,0,1
754,0,0,0,1,0,0,0,0,0,1,0,1
755,0,0,0,0,0,0,0,0,0,0,0,1
756,0,0,0,1,0,1,0,0,0,0,0,1
757,0,0,0,1,0,0,0,0,1,0,0,1
758,0,0,0,1,0,0,0,1,0,0,0,0
759,0,0,0,0,0,0,0,0,0,1,0,0
760,0,0,0,0,0,0,0,0,0,0,0,0
761,0,0,0,1,0,0,0,1,0,0,0,0
762,0,0,0,1,0,0,0,0,1,0,0,1
763,0,0,0,0,0,0,0,0,0,1,0,1
764,1,1,0,1,0,0,0,1,0,0,1,0
765,0,0,0,1,0,1,0,0,0,0,0,0
766,0,0,0,0,0,0,0,0,0,0,0,1
767,0,0,0,1,0,0,0,1,0,0,0,0
768,0,0,0,0,0,0,1,0,0,1,0,1
769,0,0,0,1,0,0,0,1,0,0,0,0
770,0,0,0,0,0,0,0,0,0,0,0,0
771,0,0,0,0,0,0,0,0,0,1,0,1
772,0,0,0,1,0,0,0,1,0,0,0,1
773,0,0,0,0,0,0,0,0,0,0,0,1
774,0,0,0,1,0,0,0,0,0,1,0,1
775,0,0,0,0,0,0,1,0,0,1,0,1
776,0,0,0,0,0,0,0,1,0,0,1,0
777,0,0,0,0,0,1,0,0,0,0,0,0
778,0,0,0,1,0,0,0,1,0,0,0,1
779,0,0,0,1,0,0,0,0,0,0,0,1
780,1,1,0,1,0,1,0,0,0,0,0,0
781,0,0,0,0,0,0,1,0,0,1,0,1
782,1,0,0,0,0,1,0,0,0,0,0,0
783,0,0,0,0,0,0,0,1,0,0,0,0
784,0,0,0,1,0,0,1,0,0,0,0,1
785,1,0,0,1,0,0,0,1,0,0,0,0
786,0,0,0,1,0,1,0,1,0,0,0,0
787,1,0,0,0,1,1,0,1,1,0,0,0
788,0,0,0,1,0,0,0,1,0,0,0,1
789,1,1,0,0,0,0,0,1,0,0,0,0
790,0,0,0,1,0,0,0,0,0,0,0,1
791,0,0,0,0,0,0,0,0,0,0,0,1
792,0,0,0,0,0,0,0,0,0,0,1,0
793,0,0,0,1,0,0,0,0,0,0,0,1
794,0,0,0,1,0,0,0,0,0,0,0,0
795,1,0,0,1,0,0,0,0,0,0,0,0
796,0,0,0,0,0,0,0,0,0,0,0,1
797,0,0,0,1,0,0,0,0,0,0,0,0
798,1,0,0,1,0,1,0,1,0,0,0,1
799,0,0,0,1,0,0,0,0,0,1,0,1
800,0,1,0,1,0,1,0,0,0,0,0,0
801,0,0,0,0,0,0,0,0,0,0,0,1
802,0,0,0,0,0,0,1,0,0,0,0,1
803,0,0,0,0,0,0,0,1,0,0,0,0
804,0,0,0,0,0,0,0,1,0,0,0,1
805,0,0,0,1,0,0,0,0,0,0,0,1
806,0,0,0,0,0,0,0,0,0,0,0,0
807,0,0,0,1,0,0,0,0,0,0,0,0
808,0,0,0,0,0,0,0,0,0,0,0,1
809,0,0,0,0,0,0,0,0,0,0,0,1
810,0,0,0,1,0,1,0,1,0,0,0,0
811,0,0,0,0,0,0,0,0,0,0,0,0
812,1,0,0,1,0,0,1,0,0,0,0,0
813,0,0,0,0,0,0,0,0,0,0,0,1
814,0,0,0,0,0,0,0,0,0,0,0,1
815,0,0,0,1,0,0,0,0,0,1,0,0
816,0,0,0,0,0,0,0,0,0,0,0,0
817,0,0,0,1,0,0,0,0,0,0,0,1
818,0,0,0,1,0,0,0,0,0,0,0,1
819,0,0,0,1,0,1,0,0,0,0,0,1
820,0,0,0,0,0,0,0,1,0,0,0,1
821,1,0,0,0,0,0,0,1,0,0,0,0
822,1,0,1,1,0,0,0,0,0,0,0,0
823,0,0,0,1,0,1,0,0,0,1,0,1
824,0,0,0,1,0,0,1,1,0,0,1,0
825,0,0,0,0,0,0,0,0,0,1,0,1
826,0,0,0,1,0,0,0,0,0,0,1,0
827,0,0,0,0,0,0,0,1,0,0,0,1
828,0,0,0,1,0,0,0,1,0,0,0,0
829,0,0,0,1,0,0,0,0,0,0,0,1
830,1,0,0,0,0,0,0,1,0,0,0,0
831,0,0,0,1,0,0,0,1,0,0,0,0
832,0,0,0,1,0,0,0,0,0,0,0,1
833,0,0,0,0,0,0,0,0,0,0,0,1
834,0,0,0,1,0,0,0,0,0,0,0,1
835,0,0,0,0,0,0,0,1,0,0,0,0
836,0,0,0,0,0,0,1,0,0,1,0,1
837,0,0,0,1,0,0,0,0,0,0,0,1
838,0,0,0,0,0,0,0,0,0,0,0,1
839,0,0,0,1,0,0,0,0,0,0,0,0
840,0,0,0,1,0,0,0,0,0,0,0,0
841,0,0,0,1,0,0,0,0,0,0,0,1
842,0,0,0,1,0,0,0,1,0,0,0,1
843,0,0,0,0,0,0,0,0,0,0,0,0
844,1,0,0,0,0,0,0,0,0,0,0,0
845,0,0,0,0,0,0,0,1,0,0,0,1
846,0,0,0,0,0,0,0,0,0,0,0,1
847,0,0,0,0,0,1,0,1,0,0,0,0
848,0,0,0,0,0,0,0,0,0,0,0,1
849,0,0,0,1,0,0,1,0,0,0,0,1
850,1,0,0,1,0,0,0,1,0,0,0,0
851,0,0,0,0,0,0,1,0,0,1,0,1
852,0,0,0,1,0,1,0,1,0,0,0,0
853,0,0,0,0,0,0,0,0,0,0,0,0
854,0,0,0,0,0,0,0,0,0,1,0,0
855,0,0,0,1,0,1,0,0,0,0,0,1
856,1,0,0,0,0,0,0,0,0,0,0,0
857,0,0,0,1,0,1,0,1,0,0,0,0
858,0,0,0,1,0,0,0,1,0,0,0,0
859,0,0,0,1,0,0,0,1,0,0,0,0
860,0,0,0,1,0,0,0,0,0,0,0,0
861,1,1,0,0,0,1,0,1,0,0,1,0
862,0,0,0,1,0,0,0,0,0,0,0,1
863,1,0,0,1,0,0,0,1,0,0,0,0
864,0,0,0,0,0,0,0,0,0,1,0,0
865,0,0,0,0,0,0,0,0,0,0,0,1
866,0,0,0,0,0,0,0,0,0,0,0,1
867,0,0,0,0,0,0,0,0,0,0,0,1
868,0,0,0,0,0,0,0,0,0,0,0,0
869,0,0,0,0,0,0,0,0,0,0,0,1
870,0,0,0,0,0,0,0,0,0,0,0,1
871,0,0,0,0,0,0,1,0,0,0,0,0
872,1,0,0,1,0,0,0,0,0,0,0,1
873,0,0,0,0,0,0,1,0,0,1,0,0
874,0,0,0,1,0,0,0,0,0,0,0,1
875,0,1,0,0,0,1,0,0,0,0,0,0
876,1,0,0,1,0,1,0,0,0,0,0,1
877,0,0,0,0,0,0,1,0,0,0,0,1
878,0,0,0,0,0,0,0,1,0,0,0,0
879,0,0,0,1,0,1,0,1,0,0,0,0
880,0,0,0,0,1,0,0,0,0,0,0,0
881,0,0,0,0,0,0,0,0,0,0,0,1
882,0,0,0,1,0,0,0,0,0,0,0,0
883,0,0,0,0,0,0,0,1,0,1,1,1
884,0,0,0,0,0,0,0,0,0,1,0,1
885,1,0,0,0,0,0,0,1,0,0,0,0
886,1,0,0,1,0,0,0,1,0,0,0,0
887,0,0,0,1,0,0,0,0,0,0,0,1
888,0,0,0,1,0,0,0,1,0,1,0,1
889,0,0,0,1,0,0,0,0,0,0,0,0
890,0,0,0,0,0,0,0,0,0,1,0,0
891,0,0,0,0,0,0,0,0,0,0,0,1
892,1,1,0,0,1,1,0,0,0,0,0,1
893,0,0,0,0,0,0,1,0,0,0,0,0
894,0,1,0,0,1,0,0,1,0,0,1,0
895,0,0,0,1,0,0,0,0,0,0,0,1
896,0,0,0,0,0,0,0,0,0,1,0,0
897,0,0,0,0,0,0,0,0,1,0,0,0
898,0,0,0,1,0,0,0,0,0,0,0,0
899,0,0,0,0,0,0,0,1,0,0,0,0
900,0,0,0,0,0,0,0,1,0,0,0,0
901,0,0,0,0,0,0,0,0,0,0,0,1
902,0,0,0,0,0,0,0,1,0,0,0,0
903,0,0,0,1,0,0,0,0,0,0,0,0
904,0,0,0,1,0,0,0,1,0,0,0,1
905,0,0,0,0,0,0,0,1,0,0,0,0
906,0,0,0,0,0,0,0,0,0,1,0,0
907,0,0,0,0,0,0,0,0,0,1,0,1
908,1,0,0,1,0,0,0,0,0,0,0,1
909,1,0,0,0,0,0,0,1,0,0,0,0
910,0,0,0,0,0,1,1,0,0,1,0,1
911,0,0,0,0,0,0,0,1,0,0,0,0
912,0,0,0,1,0,0,0,1,0,1,0,1
913,0,0,0,0,0,0,0,0,0,0,0,0
914,1,0,0,1,0,0,0,1,0,0,1,1
915,0,0,0,0,0,0,0,1,0,0,0,0
916,0,0,0,1,0,0,0,0,0,0,0,1
917,0,0,0,1,0,1,0,0,0,0,0,1
918,0,0,0,0,0,0,0,0,0,0,0,1
919,0,0,0,0,0,0,0,0,0,0,0,1
920,0,0,0,0,0,0,1,0,0,1,0,1
921,0,0,0,1,0,0,0,1,0,0,0,1
922,1,0,0,1,1,0,0,1,0,0,1,0
923,1,0,0,1,0,0,0,1,0,1,0,1
924,1,0,0,0,0,0,0,0,0,0,0,1
925,1,0,0,0,0,0,0,0,0,0,1,0
926,0,0,0,1,0,0,0,0,0,0,1,0
927,0,0,0,1,0,0,0,1,0,0,0,1
928,1,0,0,0,1,0,1,0,0,0,0,0
929,0,1,0,1,0,1,0,0,0,0,0,0
930,0,0,0,0,0,0,0,0,0,0,0,1
931,0,0,0,0,0,0,0,0,0,0,0,1
932,0,1,0,0,0,1,0,1,0,0,1,0
933,0,0,0,1,0,0,0,1,0,1,0,1
934,0,0,0,0,0,0,0,0,0,0,0,0
935,0,0,0,1,0,1,0,1,0,0,0,0
936,1,0,0,0,0,0,0,0,0,0,0,1
937,0,0,0,0,0,0,0,0,0,0,0,1
938,1,0,0,0,0,0,0,0,0,0,0,1
939,0,0,0,0,0,0,0,0,0,0,0,0
940,0,0,0,1,0,0,0,0,0,0,0,1
941,0,0,0,0,0,0,0,0,0,0,0,1
942,0,0,0,0,0,0,0,0,0,0,0,1
943,0,0,0,1,0,0,0,1,0,0,0,1
944,0,0,0,0,0,1,0,1,0,0,0,0
945,1,0,0,0,0,0,0,0,0,0,0,1
946,1,0,0,1,0,0,0,0,0,0,0,0
947,0,0,0,1,0,1,0,1,0,0,0,0
948,0,0,0,1,0,0,0,0,0,0,0,1
949,0,0,0,1,0,0,0,0,0,0,0,1
950,0,0,0,1,0,0,0,1,0,0,0,1
951,0,0,0,0,0,0,0,0,0,0,0,1
952,0,0,0,1,0,1,0,0,0,0,0,1
953,0,0,0,0,0,1,0,1,0,0,0,0
954,0,0,0,1,0,0,0,0,0,0,0,1
955,0,0,0,0,0,0,1,0,0,0,0,1
956,0,0,0,0,0,0,0,0,0,0,0,1
957,0,0,0,0,0,0,0,0,0,0,0,1
958,1,0,0,1,0,0,0,1,0,0,0,0
959,0,0,0,1,0,0,0,1,0,0,0,0
960,1,0,0,0,0,1,0,0,0,0,0,0
961,0,0,0,0,0,0,0,0,0,0,0,1
962,1,0,0,1,0,0,0,1,0,0,0,0
963,0,0,0,0,0,0,0,0,0,0,0,1
964,0,0,0,1,0,0,0,0,0,0,1,0
965,0,0,0,0,0,0,0,0,0,1,0,1
966,0,0,0,1,0,0,0,0,0,1,0,1
967,0,0,0,1,0,0,0,0,0,1,0,0
968,0,0,0,1,0,1,0,1,0,0,0,1
969,0,0,0,1,0,0,1,0,0,0,0,1
970,1,0,0,0,0,0,1,0,0,1,0,0
971,0,0,0,0,0,0,0,1,0,0,0,0
972,0,0,0,0,0,0,0,0,0,0,0,1
973,0,0,0,1,0,0,1,0,0,0,0,1
974,0,0,0,1,0,0,0,0,0,1,0,1
975,1,0,0,1,0,0,0,0,0,0,0,0
976,0,0,0,0,1,0,0,0,0,0,1,0
977,0,0,0,1,0,0,0,0,0,0,0,0
978,0,0,0,0,0,0,0,0,0,0,1,0
979,0,0,0,0,0,0,0,0,0,0,0,0
980,0,0,0,1,1,0,0,1,0,0,0,0
981,0,0,0,1,0,0,0,0,0,0,0,1
982,0,0,0,1,0,0,0,0,0,0,0,0
983,0,0,0,1,0,0,0,0,0,1,0,0
984,0,0,0,1,0,1,0,0,0,0,0,1
985,1,0,0,1,0,0,0,0,0,0,1,1
986,0,0,0,0,0,1,0,1,0,0,0,0
987,0,0,0,1,0,0,0,0,0,0,0,1
988,0,0,0,0,0,0,0,0,0,0,0,1
989,0,0,0,0,0,0,0,1,0,0,0,0
990,0,0,0,1,0,0,0,0,0,0,0,1
991,0,0,0,1,0,0,0,1,0,0,0,1
992,0,0,0,0,0,0,0,0,0,1,0,1
993,0,0,0,1,0,0,0,0,0,0,0,1
994,0,0,0,1,0,0,0,1,0,0,0,1
995,0,0,0,0,0,0,0,1,0,0,1,0
996,1,0,0,0,0,1,0,1,0,0,0,0
997,0,0,0,0,0,0,1,1,0,0,0,1
998,0,0,0,0,0,0,0,1,0,0,0,1
999,0,1,0,1,0,0,0,1,0,0,0,1
1000,0,0,0,1,0,0,0,0,0,0,0,0
1001,0,0,0,0,0,0,0,0,0,0,0,1
1002,1,0,0,1,0,1,0,0,0,0,1,0
1003,0,0,0,0,0,0,0,0,0,1,0,1
1004,0,0,0,0,0,0,0,0,0,0,0,1
1005,0,0,0,0,0,0,0,1,0,0,0,0
1006,0,0,0,1,0,0,0,0,0,0,0,0
1007,1,0,0,1,1,1,0,1,0,0,0,0
1008,0,0,0,1,0,0,0,0,0,0,0,1
1009,0,0,0,0,0,1,0,0,0,0,0,1
1010,1,0,0,0,1,1,0,1,0,0,1,0
1011,0,0,0,0,0,0,1,0,0,1,0,1
1012,0,0,0,1,0,0,0,0,0,0,0,1
1013,0,0,0,0,0,0,0,1,0,0,0,1
1014,0,0,0,0,0,0,0,0,0,1,0,0
1015,0,0,0,0,0,0,0,0,0,0,0,0
1016,1,0,0,0,1,1,0,0,0,0,0,0
1017,0,0,0,0,0,0,1,0,0,1,0,0
1018,0,0,0,0,0,0,0,1,0,0,0,1
1019,0,1,0,1,0,0,0,1,0,0,0,0
1020,0,0,0,1,0,0,0,0,0,1,0,1
1021,0,0,0,1,0,0,0,0,0,1,0,0
1022,0,0,0,0,0,0,1,0,0,0,0,1
1023,0,0,0,0,0,0,0,0,0,0,0,0
1024,0,0,0,1,0,1,0,1,0,0,0,1
1025,0,0,0,0,0,0,0,0,0,1,0,0
1026,1,0,0,0,1,1,0,0,0,0,0,0
1027,1,1,0,0,0,0,0,1,0,0,0,0
1028,0,0,0,0,0,0,0,0,0,0,0,1
1029,0,0,0,1,0,1,0,1,0,0,0,0
1030,0,0,0,0,0,1,0,0,0,1,0,1
1031,0,0,0,1,0,0,0,1,0,0,0,1
1032,1,1,0,0,1,1,0,1,0,0,1,0
1033,0,0,0,0,0,0,0,0,0,0,0,1
1034,1,0,0,0,1,0,0,1,0,0,1,0
1035,1,0,0,1,1,1,0,0,0,0,0,0
1036,0,0,0,0,0,0,0,1,0,0,0,0
1037,0,0,0,0,0,0,0,0,0,0,0,0
1038,1,0,0,1,0,0,0,1,0,1,0,0
1039,0,0,0,1,0,1,0,1,0,0,0,0
1040,0,0,0,1,0,0,0,0,0,0,0,1
1041,1,0,0,1,0,0,0,0,0,0,1,1
1042,1,0,0,1,0,0,1,1,0,0,0,1
1043,0,0,0,0,0,0,0,1,0,0,0,0
1044,1,1,0,0,0,1,0,1,0,0,0,0
1045,1,0,0,1,0,0,0,0,0,1,0,0
1046,1,0,0,1,0,0,1,0,0,0,0,1
1047,1,0,0,0,0,0,0,0,0,0,0,0
1048,0,0,0,0,0,0,0,0,0,0,0,1
1049,0,0,0,1,0,0,0,1,0,1,0,1
1050,0,0,0,0,0,0,0,1,0,0,0,0
1051,0,0,0,0,0,0,0,0,0,0,0,1
1052,1,0,0,1,0,0,0,0,0,1,0,1
1053,1,1,0,0,0,0,0,1,0,0,0,0
1054,1,0,0,0,0,0,1,0,0,1,0,0
1055,0,0,0,0,0,0,0,1,0,0,0,1
1056,0,0,0,0,0,0,0,0,0,0,0,1
1057,1,0,0,1,0,0,0,1,0,0,0,0
1058,0,0,0,0,0,0,0,1,0,0,0,0
1059,0,0,0,0,0,1,0,0,0,0,0,1
1060,0,0,0,1,0,0,0,1,0,0,0,1
1061,0,0,0,1,0,0,0,1,0,0,0,0
1062,0,0,0,1,0,0,0,0,0,1,0,1
1063,0,0,0,1,0,0,0,0,0,0,0,1
1064,0,0,0,0,0,0,0,0,0,1,1,1
1065,0,0,0,0,0,0,0,0,0,0,0,1
1066,1,1,0,0,0,1,0,0,0,0,0,0
1067,0,0,0,1,0,0,0,1,0,0,0,1
1068,0,0,0,0,0,0,0,0,0,0,0,1
1069,0,0,0,0,0,0,0,0,0,0,0,1
1070,0,0,0,0,0,1,0,1,0,0,0,1
1071,1,0,0,0,0,0,0,1,0,0,1,0
1072,1,0,0,1,1,1,0,1,0,0,1,0
1073,0,0,0,0,0,0,0,0,0,1,1,1
1074,0,0,0,0,0,0,0,1,0,0,0,0
1075,0,0,0,1,0,0,0,0,0,1,0,1
1076,1,0,0,1,0,0,0,1,0,0,0,0
1077,1,0,0,0,0,1,0,1,0,0,0,0
1078,0,0,0,1,0,0,0,1,0,1,0,1
1079,0,0,0,1,0,0,0,0,0,0,0,0
1080,0,0,0,0,0,0,0,1,0,0,0,0
1081,0,0,0,0,0,0,1,0,0,1,0,0
1082,0,0,0,1,0,0,0,0,0,0,0,0
1083,0,0,0,1,0,0,0,0,0,1,0,0
1084,0,0,0,1,0,0,0,0,0,0,0,0
1085,1,0,0,1,0,0,0,0,0,0,0,0
1086,1,0,0,0,0,0,0,1,0,0,0,0
1087,1,0,0,1,0,1,0,1,0,0,1,1
1088,1,0,0,0,0,0,0,1,0,0,0,0
1089,0,0,0,1,0,0,0,0,1,0,0,1
1090,0,0,0,1,0,0,1,0,0,0,0,1
1091,0,0,0,0,0,0,0,0,0,0,0,1
1092,0,0,0,1,0,0,0,1,0,0,0,0
1093,0,0,0,1,0,0,0,1,0,0,0,0
1094,0,0,0,0,1,0,0,0,0,0,0,1
1095,0,0,0,0,0,0,0,0,0,0,0,1
1096,0,0,0,1,0,0,0,0,0,0,0,1
1097,0,0,0,1,1,1,0,0,0,1,1,1
1098,0,0,0,0,0,0,0,0,1,0,0,1
1099,0,0,0,0,0,1,0,0,0,0,0,0
1100,0,0,0,0,0,0,0,0,0,1,0,1
1101,0,0,0,0,0,0,1,0,0,0,0,1
1102,0,0,0,0,0,0,0,0,0,1,0,0
1103,0,0,0,1,0,0,0,0,0,0,0,1
1104,0,0,0,1,0,0,0,0,0,0,0,1
1105,1,0,0,0,0,0,0,0,0,0,0,1
1106,0,0,0,0,0,0,0,1,0,0,0,0
1107,1,0,0,0,0,1,0,0,0,0,0,0
1108,1,0,0,1,0,1,0,0,0,0,0,0
1109,1,0,0,1,0,0,0,1,0,0,1,0
1110,0,0,0,0,0,0,0,1,0,0,0,1
1111,0,0,0,1,0,0,0,1,0,0,0,1
1112,0,0,0,1,0,1,0,0,0,0,0,1
1113,0,0,0,0,0,0,1,0,0,1,0,1
1114,0,0,0,0,0,0,0,1,0,0,0,0
1115,0,0,0,0,1,1,0,0,0,0,0,0
1116,1,0,0,0,0,1,0,0,0,0,0,0
1117,1,0,0,0,0,1,0,0,0,0,0,0
1118,0,0,0,1,0,0,0,1,0,0,0,0
1119,1,0,0,0,1,0,0,1,0,0,0,0
1120,0,0,0,0,0,0,1,1,0,0,0,1
1121,0,0,0,0,1,0,0,0,0,0,0,1
1122,0,0,0,1,0,0,0,0,0,0,0,1
1123,0,0,0,1,0,0,1,0,0,0,0,1
1124,0,0,0,0,0,0,0,0,0,0,0,1
1125,0,0,0,0,0,0,0,0,0,0,0,0
1126,0,0,0,0,0,0,0,0,0,0,0,1
1127,0,0,0,0,1,1,0,1,0,0,0,0
1128,0,0,0,0,0,0,0,0,0,1,0,1
1129,0,0,0,1,0,0,0,0,0,0,0,0
1130,0,0,0,0,0,0,1,0,0,1,1,1
1131,0,0,0,1,0,0,0,0,1,0,1,0
1132,1,1,0,1,0,1,0,0,0,0,0,0
1133,0,0,0,0,0,0,1,0,0,1,0,1
1134,0,0,0,1,0,0,0,0,0,0,0,0
1135,0,0,0,0,0,0,0,0,0,0,0,1
1136,1,0,0,1,0,0,1,0,0,1,0,0
1137,0,0,0,0,0,0,0,0,0,0,0,1
1138,1,0,0,1,0,0,0,0,1,0,0,0
1139,0,0,0,1,0,0,0,0,0,0,0,1
1140,0,0,0,1,0,0,0,0,0,0,0,1
1141,0,0,0,0,0,0,0,1,0,0,0,0
1142,0,0,0,1,0,0,0,0,0,0,0,0
1143,0,0,0,0,0,0,1,0,0,0,0,0
1144,0,0,0,1,0,0,0,1,0,0,0,0
1145,0,0,0,1,0,0,0,0,0,0,0,1
1146,0,0,0,0,0,0,0,1,0,0,0,0
1147,0,0,0,1,0,0,0,0,0,0,0,0
1148,0,0,0,0,0,0,0,1,0,0,0,0
1149,1,0,0,0,0,1,0,0,0,0,0,0
1150,1,1,0,0,0,0,0,0,0,1,0,1
1151,0,0,0,1,0,0,0,0,0,0,0,1
1152,0,0,0,0,0,0,0,0,0,0,0,0
1153,0,0,0,1,0,0,0,0,0,0,0,0
1154,0,0,0,1,0,0,0,0,0,0,1,0
1155,1,0,0,0,1,0,0,0,0,0,0,0
1156,0,0,0,1,0,0,0,0,0,0,0,1
1157,0,0,0,0,0,0,0,0,0,0,0,0
1158,0,0,0,1,0,0,0,0,0,0,0,1
1159,1,0,0,0,0,1,0,1,0,0,0,0
1160,1,0,0,0,1,1,0,1,0,0,0,0
1161,0,0,0,1,0,0,0,1,0,0,0,0
1162,1,0,0,1,0,0,0,0,0,0,0,0
1163,0,0,0,0,0,0,0,0,0,1,0,1
1164,0,0,0,1,0,0,1,0,0,0,0,1
1165,0,0,0,1,0,0,0,0,0,0,0,0
1166,0,0,0,0,0,0,0,1,0,0,0,0
1167,1,0,0,0,0,0,0,0,0,0,1,0
1168,1,0,1,0,0,0,0,0,1,0,0,1
1169,0,0,0,0,0,0,0,1,0,0,0,1
1170,1,0,0,1,0,0,0,1,0,0,0,0
1171,0,0,0,1,0,0,0,1,0,0,0,0
1172,0,0,0,0,0,0,0,1,0,1,1,1
1173,1,0,0,0,0,0,0,1,0,0,0,0
1174,0,0,0,0,0,0,0,0,0,0,0,1
1175,0,0,0,1,0,0,0,0,1,1,0,1
1176,1,0,0,0,0,0,0,0,0,1,0,0
1177,0,0,0,1,0,0,0,0,0,0,0,0
1178,1,0,0,0,0,1,0,1,0,0,0,0
1179,0,0,0,1,0,1,0,1,0,0,0,1
1180,0,0,0,0,0,0,0,1,0,0,0,1
1181,0,0,0,1,0,1,0,1,0,0,0,0
1182,0,0,0,1,0,0,0,1,0,0,0,0
1183,0,0,0,1,0,0,0,0,0,0,0,0
1184,1,0,0,1,0,0,0,0,0,0,0,0
1185,0,0,0,0,0,0,0,1,0,0,0,0
1186,0,0,0,1,0,0,0,0,0,0,0,1
1187,0,0,0,1,0,0,0,0,0,0,0,1
1188,0,0,0,1,0,0,0,1,0,0,0,0
1189,0,0,0,0,0,0,0,1,0,0,0,0
1190,0,0,0,1,0,0,0,0,0,0,0,0
1191,0,0,0,1,0,0,0,0,0,0,0,1
1192,0,0,0,1,0,0,0,1,0,0,0,0
1193,1,0,0,0,0,0,0,1,0,0,1,0
1194,0,0,0,0,0,0,0,0,0,1,0,1
1195,0,0,0,1,0,0,0,0,0,0,0,0
1196,0,0,0,1,0,0,0,0,0,0,0,0
1197,1,0,0,1,0,0,0,1,0,0,0,0
1198,0,0,0,1,0,1,0,0,0,0,0,0
1199,0,0,0,0,1,0,0,0,0,0,1,0
1200,1,0,0,0,1,1,0,0,0,0,0,0
1201,0,0,0,1,1,0,0,1,0,0,0,0
1202,0,0,0,1,1,0,0,1,0,0,0,0
1203,0,0,0,1,0,0,1,0,0,0,0,0
1204,1,0,0,0,0,0,1,1,0,0,0,1
1205,0,0,0,0,0,0,0,0,0,0,0,1
1206,0,0,0,1,0,0,0,1,0,0,0,1
1207,1,0,0,0,0,0,0,0,0,0,0,0
1208,0,0,0,0,0,0,0,0,0,1,0,0
1209,0,0,0,0,0,0,1,0,0,1,0,1
1210,0,0,0,0,0,0,1,0,0,1,0,1
1211,1,0,0,0,0,0,0,1,0,0,0,0
1212,1,0,0,0,0,0,0,1,0,0,0,0
1213,0,0,0,1,0,0,0,0,0,0,0,0
1214,0,0,0,1,0,0,0,0,0,0,0,0
1215,0,0,0,1,0,0,0,0,0,0,0,1
1216,0,0,0,1,0,0,0,0,0,0,0,1
1217,0,0,0,0,0,0,0,0,0,0,0,1
1218,1,0,0,1,0,0,0,0,0,0,0,0
1219,0,0,0,1,0,0,0,1,0,0,0,0
1220,1,0,0,1,0,1,0,0,0,0,0,0
1221,0,0,0,1,0,0,0,0,0,0,0,1
1222,0,0,0,1,0,0,0,1,0,0,0,1
1223,0,0,0,0,0,0,1,0,0,0,0,1
1224,0,0,0,1,0,0,0,0,0,1,0,1
1225,0,0,0,0,0,0,0,0,0,0,0,1
1226,0,0,0,1,0,0,0,1,0,0,0,0
1227,1,0,0,1,0,0,0,0,0,0,0,0
1228,0,0,0,1,1,1,0,1,0,0,0,0
1229,1,0,0,0,0,0,0,0,0,0,1,0
1230,0,0,0,1,0,0,0,0,0,0,0,1
1231,0,0,0,0,0,0,0,0,0,0,0,1
1232,0,0,0,0,0,0,0,0,0,0,0,1
1233,1,0,0,1,0,0,0,1,0,0,0,1
1234,1,0,0,1,1,1,0,0,0,0,1,0
1235,0,0,0,0,0,0,0,0,0,0,0,1
1236,0,0,0,0,0,0,1,0,0,0,0,1
1237,1,0,0,0,0,1,0,1,0,0,0,0
1238,1,0,0,0,0,0,0,1,0,0,1,0
1239,0,0,0,1,0,1,0,0,0,0,1,0
1240,0,0,0,1,0,0,0,1,0,0,0,0
1241,0,0,0,1,0,0,0,0,0,0,0,0
1242,1,0,0,1,0,0,0,0,0,0,0,1
1243,0,0,0,1,0,0,0,0,0,0,0,1
1244,1,0,0,0,0,1,0,1,0,0,1,0
1245,1,0,0,0,1,1,0,0,0,0,0,0
1246,0,0,0,0,0,0,1,0,0,0,0,1
1247,0,0,0,1,0,0,0,1,0,0,0,0
1248,0,0,0,0,0,1,0,0,0,0,0,1
1249,1,0,0,1,0,0,0,1,0,0,0,0
1250,0,0,0,1,0,0,0,0,0,0,0,0
1251,1,1,0,0,1,0,0,1,0,0,1,0
1252,0,0,0,1,0,1,0,0,0,0,0,1
1253,0,0,0,0,0,0,0,0,0,0,0,1
1254,0,0,0,1,0,0,0,0,0,0,0,1
1255,0,0,0,1,0,0,0,0,0,0,0,1
1256,0,0,0,1,0,0,0,0,0,0,0,1
1257,1,0,0,0,0,0,0,0,0,0,0,0
1258,1,1,0,0,1,1,0,1,0,0,1,0
1259,0,0,0,1,0,1,1,0,0,0,0,0
1260,1,0,0,0,0,0,0,1,0,0,0,0
1261,0,0,0,0,0,0,0,0,0,0,0,1
1262,0,0,0,0,0,0,0,1,0,0,0,1
1263,0,0,0,1,0,0,0,0,0,0,0,0
1264,0,1,0,1,0,0,0,0,0,0,0,0
1265,0,0,0,1,0,0,1,0,0,0,0,0
1266,1,0,0,1,0,0,0,0,1,0,0,1
1267,0,0,0,0,0,0,0,0,0,1,0,1
1268,0,0,0,0,0,0,0,1,0,0,1,1
1269,0,0,0,0,0,0,0,1,0,0,0,0
1270,0,0,0,1,0,0,0,0,0,1,0,1
1271,0,0,0,1,0,0,0,0,0,0,0,0
1272,1,0,0,1,0,0,0,1,0,0,0,0
1273,0,0,0,0,0,0,0,0,0,0,0,1
1274,0,0,0,0,0,0,0,0,0,0,0,1
1275,0,0,0,0,0,0,0,1,0,0,0,0
1276,0,0,0,1,0,0,0,1,0,0,0,1
1277,0,0,0,0,0,0,0,0,0,0,0,1
1278,0,0,0,0,0,0,0,0,0,1,0,1
1279,0,0,0,0,0,0,0,0,0,0,0,1
1280,0,0,0,0,0,0,0,0,0,1,0,0
1281,0,0,0,0,0,0,0,0,0,1,0,0
1282,0,0,0,0,0,0,0,1,0,0,0,0
1283,0,0,0,0,0,0,1,0,0,1,0,1
1284,1,0,0,1,1,0,0,0,0,0,0,0
1285,0,0,0,1,1,0,0,0,0,0,0,0
1286,0,0,0,0,1,0,0,1,0,0,0,0
1287,0,0,0,1,0,0,0,0,0,0,0,0
1288,1,0,0,0,0,0,0,0,0,0,0,0
1289,0,0,0,1,0,0,0,1,0,1,0,1
1290,0,0,0,0,0,0,0,0,0,0,0,1
1291,0,0,0,1,0,0,0,1,0,0,0,0
1292,0,0,0,0,0,0,0,0,0,1,0,1
1293,0,0,0,1,0,0,0,1,0,0,0,0
1294,0,0,0,0,0,0,0,1,0,0,0,0
1295,0,0,0,1,0,0,0,1,0,0,0,0
1296,0,0,0,0,0,0,0,0,0,0,1,1
1297,0,0,0,1,0,0,0,0,0,0,0,0
1298,0,0,0,1,0,0,0,1,0,0,0,0
1299,1,0,0,0,1,0,0,0,0,0,1,0
1300,1,0,0,0,0,0,0,0,0,0,0,0
1301,0,0,0,1,0,1,0,1,0,0,0,0
1302,0,0,0,0,0,0,0,1,0,0,0,0
1303,1,1,0,0,0,1,0,1,0,0,1,0
1304,0,0,0,1,0,0,0,1,0,0,0,0
1305,0,1,0,0,0,1,0,1,0,0,1,0
1306,1,0,0,1,1,1,0,0,0,0,0,0
1307,0,0,0,0,0,0,0,1,0,0,0,0
1308,0,0,0,1,1,1,0,1,0,0,0,0
1309,0,0,0,0,0,0,0,0,0,0,0,0
1310,0,0,0,1,0,1,0,1,0,0,0,1
1311,1,0,0,1,0,0,0,0,0,0,0,1
1312,1,0,0,1,0,0,0,1,0,0,0,0
1313,0,0,0,0,0,0,0,0,0,1,0,1
1314,0,0,0,0,0,0,0,0,0,1,1,1
1315,0,0,0,0,0,0,0,0,0,0,0,1
1316,0,0,0,1,0,0,0,0,0,0,0,0
1317,0,0,0,1,0,0,0,0,0,0,0,1
1318,0,0,0,1,1,0,0,0,0,0,0,0
1319,1,0,0,0,0,0,0,1,0,0,0,1
1320,0,0,0,1,0,0,0,1,0,0,0,0
1321,0,0,0,0,0,0,0,1,0,1,0,1
1322,0,0,0,1,0,0,0,0,0,0,0,1
1323,0,0,0,0,0,0,0,0,0,0,0,0
1324,0,0,0,0,0,0,1,0,0,1,0,1
1325,1,1,0,1,0,0,0,1,0,0,0,0
1326,0,0,0,0,0,0,0,1,0,0,0,0
1327,0,0,0,1,0,0,0,1,0,0,0,1
1328,0,1,0,1,0,0,0,1,0,0,0,0
1329,0,0,0,0,0,0,0,0,0,1,0,1
1330,0,0,0,0,1,0,0,0,0,0,0,0
1331,0,0,0,1,0,1,0,1,0,0,0,0
1332,0,0,0,1,0,0,0,0,0,1,0,1
1333,0,0,0,1,0,1,0,1,0,0,0,0
1334,0,0,0,1,0,0,0,0,0,0,0,1
1335,0,0,0,1,0,0,0,0,0,0,0,1
1336,0,0,0,0,1,1,0,0,0,0,0,0
1337,0,0,0,0,0,0,0,0,0,0,0,1
1338,1,0,0,0,0,0,0,0,0,1,1,1
1339,0,0,0,0,0,0,1,0,0,1,0,0
1340,0,1,0,1,0,1,0,0,0,0,0,1
1341,0,0,0,0,0,0,0,1,0,0,0,0
1342,0,0,0,1,0,1,0,1,0,0,0,0
1343,0,0,0,0,0,0,0,0,0,0,0,1
1344,0,0,0,0,0,1,0,1,0,0,0,0
1345,0,0,0,0,0,0,0,1,0,0,0,0
1346,0,0,0,0,0,0,0,0,0,0,1,1
1347,0,0,0,0,0,0,0,0,0,0,0,1
1348,0,0,0,1,0,0,0,0,0,0,0,0
1349,0,0,0,0,0,0,0,1,0,1,0,1
1350,0,0,0,1,0,1,0,1,0,0,0,0
1351,0,0,0,1,0,0,0,0,0,0,0,1
1352,0,0,0,1,0,0,0,0,0,0,0,1
1353,0,0,0,0,0,0,0,0,0,0,1,1
1354,0,0,0,0,0,0,0,0,0,0,0,1
1355,0,0,0,1,0,0,0,0,0,0,0,0
1356,0,0,0,0,0,0,0,0,0,0,0,1
1357,0,0,0,1,0,0,1,0,0,0,0,1
1358,0,0,0,1,0,0,0,0,0,0,0,0
1359,0,0,0,0,0,0,0,0,0,0,0,1
1360,0,0,0,1,0,0,0,0,0,0,0,0
1361,1,0,0,0,0,0,0,1,0,0,1,0
1362,0,0,0,0,0,0,0,1,0,0,0,0
1363,1,0,1,0,1,0,0,0,0,0,1,0
1364,0,0,0,0,0,0,0,0,0,0,0,1
1365,0,0,0,0,0,0,0,0,0,1,0,1
1366,1,1,0,1,1,1,0,1,1,0,1,1
1367,0,0,0,0,0,0,0,0,0,0,0,1
1368,0,0,0,1,0,0,0,1,0,0,0,1
1369,1,0,0,1,0,0,0,0,0,1,0,1
1370,1,0,0,1,0,1,0,1,0,0,0,0
1371,0,0,0,1,0,0,0,1,0,0,0,0
1372,0,0,0,0,0,0,0,1,0,0,0,0
1373,0,0,0,0,0,0,0,0,0,1,0,1
1374,0,0,0,1,0,0,0,1,0,0,0,1
1375,1,0,0,1,0,0,0,0,0,0,0,0
1376,0,0,0,0,0,0,0,1,0,0,0,0
1377,1,0,0,0,0,1,0,1,0,0,1,0
1378,0,0,0,1,0,0,0,0,0,0,0,0
1379,1,0,0,1,1,0,1,0,0,0,0,1
1380,1,0,0,1,0,0,0,1,0,0,0,0
1381,1,0,0,0,1,0,0,1,0,0,0,0
1382,0,1,0,0,0,1,0,1,0,0,0,0
1383,0,0,0,0,0,0,0,0,0,0,0,1
1384,0,0,0,1,0,0,1,1,0,0,0,1
1385,1,0,0,0,0,0,0,0,0,0,1,1
1386,0,0,0,1,0,0,0,1,0,1,0,1
1387,1,0,0,0,0,0,0,0,0,1,1,0
1388,0,0,0,1,0,0,0,1,0,0,0,1
1389,1,0,0,0,0,0,0,0,0,0,0,0
1390,0,0,0,1,0,0,0,1,0,0,0,1
1391,0,0,0,0,0,0,0,1,0,0,0,0
1392,0,1,0,1,0,1,0,1,0,0,0,0
1393,0,0,0,0,0,0,0,1,0,0,0,0
1394,0,0,0,0,0,0,0,0,0,0,0,1
1395,0,0,0,0,0,0,1,0,0,1,0,1
1396,1,1,0,1,0,0,0,1,1,0,0,0
1397,0,0,0,0,0,0,1,0,0,1,0,1
1398,0,0,0,1,0,0,0,1,0,0,0,0
1399,0,0,0,1,0,0,0,0,0,0,0,1
1400,0,0,0,1,0,0,0,0,0,0,0,0
1401,0,0,0,0,0,0,0,0,0,0,0,1
1402,0,0,0,0,0,0,0,0,0,0,0,1
1403,0,0,0,1,0,1,0,1,0,0,0,0
1404,0,0,0,1,0,0,0,0,0,0,0,1
1405,0,0,0,1,0,1,0,1,0,0,0,0
1406,1,0,0,1,1,1,0,1,0,0,0,1
1407,0,0,0,1,0,0,1,0,0,1,0,1
1408,0,0,0,0,0,0,0,1,0,0,0,0
1409,0,0,0,1,0,0,0,1,0,0,0,0
1410,0,0,0,0,0,0,0,0,0,0,0,0
1411,0,0,0,1,0,0,0,0,0,0,0,0
1412,0,0,0,1,0,0,0,1,0,0,0,0
1413,0,0,0,1,0,0,1,0,0,0,0,0
1414,0,0,0,0,0,0,0,0,0,0,0,1
1415,0,0,0,0,0,0,0,0,0,0,0,1
1416,0,0,0,1,0,1,0,0,0,0,0,0
1417,0,0,0,1,0,1,0,1,0,0,0,1
1418,0,0,0,1,0,0,0,0,0,0,0,0
1419,0,0,0,0,0,0,0,1,0,0,0,0
1420,0,0,0,1,0,1,0,0,0,0,0,1
1421,0,0,0,1,0,0,0,0,0,0,0,1
1422,0,0,0,1,0,0,0,0,0,0,0,1
1423,0,0,0,0,0,0,0,0,0,1,0,0
1424,1,0,0,1,0,0,0,1,0,1,0,0
1425,0,0,0,0,0,0,0,0,0,0,0,1
1426,0,0,0,0,0,0,0,1,0,0,0,0
1427,1,0,0,1,0,0,0,1,0,0,0,1
1428,0,0,0,1,0,0,0,0,0,0,0,1
1429,0,0,0,1,0,0,0,1,0,0,0,0
1430,0,0,0,0,0,0,0,1,0,0,0,0
1431,0,0,0,0,0,1,0,0,0,0,0,0
1432,0,0,0,0,0,0,0,0,0,0,0,1
1433,1,0,0,0,1,0,0,0,0,0,0,1
1434,0,0,0,0,0,0,0,0,0,0,0,0
1435,0,0,0,1,0,0,0,0,0,0,0,0
1436,0,0,0,0,0,1,0,1,0,0,0,0
1437,0,0,0,0,0,0,0,1,0,0,1,0
1438,1,0,0,0,0,0,0,0,0,0,0,1
1439,0,0,0,0,0,0,0,0,0,0,0,1
1440,0,0,0,1,0,0,0,0,0,0,0,1
1441,0,0,0,0,0,0,0,0,0,0,0,1
1442,0,1,0,0,0,0,0,1,0,0,0,0
1443,0,0,0,0,0,0,0,0,0,1,0,0
1444,1,0,0,0,0,1,0,1,0,0,0,0
1445,0,0,0,0,1,0,0,1,0,0,0,1
1446,0,0,0,1,0,0,0,1,0,0,0,1
1447,0,0,0,1,0,0,0,1,0,0,0,0
1448,1,0,0,0,1,0,0,0,0,0,0,0
1449,0,0,0,0,0,0,1,0,0,1,0,1
1450,0,0,0,0,0,0,1,0,0,1,0,1
1451,1,0,0,1,1,0,0,0,0,0,1,0
1452,0,0,0,1,0,0,0,0,0,0,0,1
1453,0,0,0,0,0,0,0,0,0,1,0,1
1454,0,0,0,0,0,0,1,0,0,1,0,1
1455,1,0,0,0,0,1,0,1,0,0,1,0
1456,1,0,0,1,0,0,0,0,0,0,1,0
1457,0,1,0,0,1,0,0,1,0,0,0,0
1458,0,0,0,1,0,0,0,1,0,0,0,1
1459,0,0,0,1,0,0,1,1,0,0,0,0
1460,0,0,0,1,0,0,0,0,0,0,0,0
1461,0,0,0,1,0,0,0,1,0,0,0,1
1462,0,0,0,1,0,1,0,1,0,0,0,0
1463,0,0,0,1,0,0,0,1,0,0,0,0
1464,0,0,0,1,0,0,0,1,0,0,0,1
1465,0,0,0,1,0,0,0,1,0,0,0,0
1466,0,0,0,1,0,0,1,0,0,1,0,1
1467,0,0,0,1,0,0,0,0,0,0,0,1
1468,0,0,0,1,0,0,0,0,0,0,0,1
1469,0,0,0,1,0,0,0,0,0,0,0,1
1470,0,0,0,1,0,1,0,0,0,0,0,1
1471,0,1,1,0,1,0,0,1,1,1,1,0
1472,0,0,0,0,0,1,0,0,0,0,0,0
1473,0,1,0,1,0,0,0,0,0,0,0,1
1474,0,0,0,0,0,1,0,1,0,0,0,0
1475,0,0,0,1,0,1,0,1,0,0,0,1
1476,0,0,0,1,0,0,0,1,0,0,0,0
1477,0,0,0,0,0,0,0,0,0,0,1,0
1478,0,0,0,1,0,0,1,0,0,0,0,1
1479,0,0,0,1,0,1,0,0,0,0,1,0
1480,0,0,0,0,0,0,1,0,0,1,0,0
1481,0,0,0,0,0,1,0,1,0,0,1,0
1482,0,0,0,1,0,0,0,1,0,0,0,1
1483,0,0,0,0,0,0,0,0,0,1,0,1
1484,0,0,0,0,0,0,0,0,0,1,0,1
1485,0,0,0,1,0,0,0,0,0,0,0,0
1486,0,0,0,0,0,0,0,0,0,0,0,1
1487,0,0,0,0,0,0,0,0,0,0,0,1
1488,0,0,0,0,0,0,0,0,0,0,0,1
1489,0,0,0,0,0,0,0,0,0,0,0,1
1490,0,0,0,0,0,0,0,0,0,0,0,1
1491,0,0,0,0,0,0,0,0,0,0,0,1
1492,1,0,0,0,0,0,0,0,0,0,1,0
1493,0,0,0,0,0,0,0,0,0,0,0,1
1494,0,0,0,0,0,0,0,0,0,0,0,0
1495,0,0,0,0,0,0,0,0,0,0,0,1
1496,0,0,0,1,0,0,0,0,0,0,0,1
1497,0,0,0,1,0,1,0,1,0,0,0,0
1498,0,0,0,1,0,0,0,0,0,0,0,0
1499,0,0,0,0,1,1,0,0,0,0,0,1
1500,0,0,0,1,0,0,0,1,0,0,0,1
1501,1,0,0,0,0,0,0,1,0,0,0,0
1502,0,0,0,0,0,0,0,0,0,0,0,0
1503,1,0,0,0,0,0,0,1,0,0,0,0
1504,0,0,0,0,0,0,0,0,0,0,0,0
1505,0,1,0,0,0,1,0,1,0,0,0,0
1506,0,0,0,1,0,0,0,0,0,0,0,0
1507,1,1,0,1,0,0,0,0,0,0,0,0
1508,0,0,0,0,0,0,0,1,0,0,0,0
1509,0,0,0,1,0,0,0,0,0,1,0,1
1510,0,0,0,1,0,0,0,0,0,0,0,1
1511,0,0,0,1,0,0,0,1,0,0,0,0
1512,0,0,0,1,0,0,0,0,0,0,0,1
1513,0,0,0,0,0,0,0,1,0,0,0,0
1514,1,0,0,0,0,0,0,0,0,0,0,0
1515,0,0,0,0,0,0,1,0,0,0,0,1
1516,0,0,0,0,0,0,0,1,0,0,0,0
1517,0,0,0,1,0,0,0,1,0,0,1,0
1518,0,0,0,0,0,0,0,1,0,0,0,0
1519,0,0,0,0,0,0,0,0,0,1,0,1
1520,0,1,0,0,0,1,0,0,0,0,1,0
1521,0,0,0,0,0,0,0,1,0,0,0,0
1522,1,0,0,1,0,0,0,1,0,0,0,0
1523,0,0,0,1,0,0,0,0,0,0,0,1
1524,1,0,0,1,0,0,0,1,0,0,0,1
1525,0,0,0,1,0,0,0,0,0,0,0,0
1526,0,0,0,1,0,0,0,0,0,0,0,1
1527,0,0,0,0,0,0,0,0,0,0,0,1
1528,0,0,0,1,0,0,0,1,0,0,0,0
1529,1,1,0,0,1,1,0,1,0,0,0,0
1530,1,0,0,1,0,0,0,0,0,0,0,0
1531,1,1,0,1,1,1,0,1,0,0,1,0
1532,0,0,0,0,0,1,0,0,0,0,0,0
1533,0,0,0,1,0,0,0,1,0,0,0,0
1534,0,0,0,1,0,0,0,0,0,0,0,0
1535,0,0,0,0,0,0,0,0,0,0,0,1
1536,0,0,0,1,0,0,0,0,0,0,0,1
1537,0,0,0,0,0,1,0,0,0,0,0,1
1538,0,0,0,0,0,0,1,0,1,1,0,0
1539,0,0,0,1,1,0,0,0,0,0,0,0
1540,1,0,0,1,0,0,0,1,0,0,0,0
1541,1,0,0,1,0,0,0,1,0,0,0,0
1542,1,0,0,1,0,0,0,1,0,0,1,0
1543,0,0,0,0,0,0,0,1,0,0,0,0
1544,0,0,0,0,0,0,0,0,0,1,0,0
1545,0,0,0,1,0,1,0,0,0,0,0,0
1546,0,0,0,0,0,0,0,1,1,1,0,1
1547,0,0,0,1,0,0,0,0,0,0,0,1
1548,0,0,0,0,0,0,0,1,0,0,0,0
1549,1,0,0,0,1,1,0,1,0,0,0,0
1550,0,0,0,0,0,0,0,0,0,1,0,1
1551,0,0,0,0,0,0,0,0,0,0,0,1
1552,0,0,0,1,0,0,0,0,0,0,0,0
1553,0,0,0,0,0,1,0,1,0,0,0,0
1554,1,0,0,0,0,0,0,0,0,0,0,1
1555,0,0,0,0,0,0,0,0,0,0,0,1
1556,0,0,0,1,0,0,0,0,0,0,0,0
1557,0,0,0,0,0,0,0,0,0,1,0,0
1558,0,0,0,0,0,1,0,1,0,0,0,0
1559,0,0,0,0,0,1,0,1,0,0,0,0
1560,0,0,0,0,0,0,0,0,0,0,0,0
1561,0,0,0,1,0,0,0,1,0,0,0,0
1562,0,0,0,1,0,0,0,1,0,0,0,0
1563,0,0,0,1,0,0,0,0,0,1,0,1
1564,0,0,0,0,0,0,0,0,0,1,0,0
1565,1,0,0,0,1,0,0,1,0,0,0,0
1566,0,0,0,0,0,0,0,0,0,0,0,0
1567,0,1,0,0,0,1,0,0,0,0,0,1
1568,0,0,0,0,0,0,0,0,0,0,0,1
1569,0,0,0,0,0,0,0,0,0,0,0,1
1570,0,0,0,0,0,0,0,0,0,0,0,1
1571,0,0,0,0,0,0,0,0,0,0,0,1
1572,0,0,0,1,0,0,0,1,0,0,0,0
1573,0,0,0,0,0,0,0,1,0,0,0,0
1574,0,0,0,0,0,0,0,1,0,0,0,0
1575,0,0,0,1,0,0,0,1,0,0,0,0
1576,0,0,0,1,0,0,0,0,0,0,0,0
1577,0,0,0,1,0,0,0,0,0,0,0,1
1578,0,0,0,0,0,0,0,0,0,0,0,1
1579,0,0,0,0,0,0,1,0,0,0,0,1
1580,1,0,0,1,0,0,0,1,0,0,1,0
1581,0,0,0,0,0,0,0,0,0,0,0,1
1582,0,0,0,0,0,0,0,0,0,1,0,0
1583,0,0,0,1,0,0,0,0,0,0,0,1
1584,0,0,0,1,0,1,0,1,0,0,0,0
1585,0,0,0,0,1,0,0,0,0,0,0,1
1586,0,0,0,0,0,0,0,0,0,0,0,0
1587,1,1,0,0,1,1,0,1,0,0,0,0
1588,1,0,0,0,0,0,0,0,0,1,0,0
1589,0,0,0,0,0,0,0,1,0,0,0,1
1590,0,0,0,1,0,0,0,0,0,0,0,1
1591,1,0,0,1,0,0,0,0,0,1,0,0
1592,0,0,0,1,0,1,0,1,0,0,0,0
1593,0,0,0,1,0,0,0,0,0,0,0,0
1594,0,0,0,1,0,0,0,1,0,0,0,0
1595,1,0,0,1,0,0,0,1,0,0,0,0
1596,1,0,0,1,0,0,0,0,0,0,0,0
1597,0,0,0,1,0,0,0,0,0,0,0,1
1598,0,0,0,1,0,0,0,0,0,0,0,1
1599,0,0,0,0,1,0,0,0,0,0,0,1
1600,0,0,0,0,0,0,0,0,0,0,0,1
1601,1,0,0,0,0,0,0,0,0,0,0,0
1602,0,0,0,0,0,0,0,0,0,0,1,0
1603,0,0,0,0,0,0,0,0,0,0,0,1
1604,0,0,0,0,0,0,0,1,0,0,0,1
1605,1,0,0,0,0,1,0,0,0,0,0,0
1606,0,0,0,0,0,0,0,1,0,0,0,0
1607,0,0,0,0,0,0,0,0,0,1,0,0
1608,1,0,0,0,0,0,0,1,0,0,0,0
1609,0,0,0,0,0,0,1,0,0,1,0,1
1610,0,0,0,0,0,0,0,1,0,0,0,1
1611,0,0,0,1,0,0,0,0,0,0,0,0
1612,0,0,0,1,0,0,0,1,0,0,0,0
1613,0,0,0,1,0,0,0,0,0,0,0,0
1614,0,0,0,0,0,0,0,0,0,1,0,1
1615,0,0,0,1,0,0,0,1,0,0,0,0
1616,0,0,0,1,0,0,0,0,0,0,0,0
1617,1,1,0,0,1,1,0,1,1,0,1,0
1618,0,0,0,1,0,0,0,0,0,0,0,1
1619,0,0,0,1,0,0,0,0,0,0,0,0
1620,1,0,0,0,1,0,0,1,0,0,0,0
1621,0,0,0,0,0,0,0,1,0,0,0,0
1622,0,0,0,0,0,0,0,1,0,0,0,0
1623,0,0,0,0,0,0,0,1,0,0,0,0
1624,0,0,0,1,0,0,0,0,0,0,0,0
1625,0,0,0,0,0,0,0,0,0,0,0,0
1626,0,0,0,1,0,0,0,0,0,0,0,1
1627,0,0,0,1,0,0,0,0,0,0,0,0
1628,0,0,0,1,0,0,0,0,0,0,0,0
1629,1,0,0,1,0,0,0,0,0,0,0,0
1630,0,0,0,1,0,0,0,0,0,0,0,1
1631,1,0,0,0,0,0,0,0,0,1,0,0
1632,0,0,0,0,0,0,0,1,0,0,0,0
1633,0,0,0,1,0,0,0,0,0,0,0,1
1634,0,0,0,0,0,1,0,1,0,0,1,0
1635,0,0,0,0,0,0,0,0,0,0,0,1
1636,1,1,1,0,0,0,0,1,0,0,0,0
1637,0,0,0,0,0,0,0,1,0,1,0,0
1638,0,0,0,1,0,0,0,0,0,0,0,1
1639,0,0,0,1,0,0,0,1,0,0,0,0
1640,0,0,0,1,1,0,0,0,1,0,1,0
1641,0,0,0,0,0,0,0,0,0,1,0,1
1642,0,0,0,1,0,0,0,0,0,0,0,0
1643,0,0,0,1,1,0,0,1,0,0,0,0
1644,0,0,0,1,0,1,0,0,0,0,0,1
1645,0,0,0,1,0,0,0,1,0,0,0,1
1646,0,0,0,1,0,1,0,0,0,1,0,1
1647,1,0,0,1,1,0,0,1,0,0,0,0
1648,1,0,0,0,0,0,0,0,0,0,0,1
1649,1,0,0,1,0,0,0,0,0,0,1,0
1650,0,0,0,1,0,0,0,0,0,1,0,1
1651,0,0,0,0,0,0,0,0,0,1,0,0
1652,1,0,0,1,1,0,0,1,0,0,0,0
1653,0,0,0,0,0,1,0,1,0,0,0,0
1654,1,0,0,0,0,0,0,1,0,0,1,0
1655,0,0,0,0,0,0,0,0,0,1,0,0
1656,0,0,0,1,0,0,0,0,0,0,0,0
1657,0,0,0,1,0,0,0,1,0,0,0,0
1658,0,0,0,0,0,0,0,0,0,0,0,1
1659,0,0,0,0,0,1,0,1,0,0,0,0
1660,0,0,0,0,0,0,0,0,0,1,0,0
1661,0,0,0,0,0,0,0,0,0,1,0,1
1662,0,0,0,0,0,0,0,0,0,0,0,1
1663,0,0,0,1,0,0,0,1,0,0,0,1
1664,0,0,0,0,0,0,0,1,0,0,0,0
1665,0,0,0,1,0,1,0,1,0,0,0,0
1666,1,1,0,1,1,1,0,1,0,0,1,0
1667,0,0,0,0,1,0,1,0,0,0,0,1
1668,0,0,0,0,0,1,0,1,0,0,0,0
1669,1,0,0,1,0,0,1,1,1,0,1,1
1670,0,0,0,1,0,1,0,1,0,0,0,0
1671,0,0,0,1,0,0,1,0,0,0,0,1
1672,0,0,0,1,0,0,0,1,0,0,0,0
1673,0,0,0,1,0,1,0,1,0,0,0,0
1674,0,0,0,0,0,0,0,0,0,1,0,1
1675,1,0,0,1,1,0,0,0,0,0,0,0
1676,1,0,0,1,0,1,0,1,0,0,0,0
1677,0,0,0,1,0,0,0,1,0,0,0,0
1678,0,0,0,0,0,0,0,0,0,1,0,0
1679,0,0,0,0,0,0,0,0,0,0,0,1
1680,0,0,0,1,0,0,0,0,0,0,0,1
1681,0,0,1,0,0,0,1,0,0,0,0,1
1682,0,0,0,1,0,0,0,0,0,0,0,1
1683,0,0,0,0,0,0,0,0,0,0,0,1
1684,0,0,0,0,0,0,1,0,0,0,0,1
1685,1,0,0,1,0,0,0,1,0,1,0,1
1686,0,0,0,0,0,0,0,0,0,0,0,1
1687,0,0,0,1,0,0,0,1,0,0,0,1
1688,0,0,0,0,0,0,0,0,0,1,0,1
1689,0,0,0,1,0,0,0,0,0,0,0,1
1690,0,0,0,0,0,0,0,0,0,0,0,1
1691,1,1,0,0,0,0,0,0,1,0,1,0
1692,0,0,0,0,0,1,0,1,0,1,0,1
1693,0,0,0,0,0,0,1,0,0,0,0,1
1694,0,0,0,0,0,0,0,0,0,0,0,0
1695,0,0,0,0,0,0,1,0,0,1,0,1
1696,1,0,0,0,1,0,1,0,0,1,1,0
1697,0,0,0,0,0,0,0,1,0,0,0,0
1698,0,0,0,1,0,0,0,0,0,0,0,1
1699,0,0,0,1,0,0,0,0,0,0,0,0
1700,1,1,0,0,0,0,0,1,0,0,0,0
1701,0,0,0,1,0,0,0,1,0,0,0,0
1702,0,0,0,0,0,0,0,0,0,1,0,1
1703,0,0,0,0,0,0,0,0,0,0,0,1
1704,0,0,0,1,0,0,0,0,1,0,0,0
1705,0,0,0,1,0,0,0,1,0,0,0,0
1706,0,0,0,0,0,0,0,0,0,1,0,0
1707,0,0,0,0,0,0,0,0,0,1,0,1
1708,0,0,0,1,0,0,0,1,0,0,0,0
1709,0,0,0,0,0,0,1,0,0,1,0,1
1710,0,0,0,1,0,0,0,1,0,0,0,0
1711,0,0,0,1,0,0,0,0,0,0,0,1
1712,0,0,0,1,0,0,0,0,0,0,0,1
1713,0,0,0,1,0,0,0,0,0,0,1,0
1714,0,0,0,1,0,0,0,0,0,0,0,1
1715,1,1,0,1,1,1,0,1,0,0,0,0
1716,0,0,0,0,0,0,0,1,0,0,0,1
1717,0,0,0,0,0,0,0,0,0,1,0,1
1718,0,0,0,0,0,0,1,0,0,1,0,1
1719,0,0,0,0,0,0,0,0,0,1,0,1
1720,0,0,0,0,0,0,0,0,0,1,0,1
1721,0,0,0,0,0,0,0,0,0,0,0,0
1722,1,0,0,1,0,0,0,1,0,0,0,0
1723,0,0,0,0,0,0,0,0,0,0,0,1
1724,0,0,0,1,0,0,0,0,0,0,0,1
1725,0,0,0,1,0,0,0,0,0,0,0,0
1726,1,0,0,1,0,0,0,0,0,0,1,0
1727,0,0,0,1,0,0,0,0,0,0,1,0
1728,1,0,0,1,0,0,0,0,0,0,0,0
1729,0,0,0,0,0,0,0,0,0,0,0,1
1730,0,0,0,0,0,0,0,0,0,0,0,1
1731,1,0,0,0,0,0,0,0,0,0,0,0
1732,1,0,0,1,0,0,0,0,0,0,0,1
1733,0,0,0,1,0,0,0,0,0,0,0,0
1734,0,0,0,0,0,1,0,1,0,0,0,0
1735,0,0,0,1,0,0,0,0,0,0,0,0
1736,0,0,0,1,0,0,0,0,0,1,0,1
1737,0,0,0,1,0,0,0,0,0,0,0,1
1738,0,0,0,1,0,0,0,1,0,0,0,1
1739,0,0,0,1,0,1,1,0,0,1,1,1
1740,0,0,0,1,0,0,0,0,0,1,0,1
1741,0,0,0,0,0,0,0,0,0,0,0,1
1742,0,0,0,0,0,0,0,0,0,0,0,1
1743,0,0,0,1,0,1,0,0,0,0,0,0
1744,0,0,0,1,0,0,0,0,0,0,0,0
1745,0,0,0,0,0,0,0,0,0,0,0,1
1746,1,0,0,0,0,0,0,1,0,0,0,0
1747,1,0,0,0,0,0,0,0,0,0,1,0
1748,0,0,0,1,1,0,0,0,0,0,0,1
1749,0,0,0,1,0,0,0,1,0,0,0,1
1750,0,0,0,0,0,0,1,0,0,1,0,1
1751,0,0,0,1,0,1,0,1,0,0,0,0
1752,0,0,0,0,0,0,1,0,0,1,0,1
1753,1,0,0,1,0,0,0,1,0,0,0,1
1754,0,0,0,1,0,0,0,0,0,0,0,1
1755,1,0,0,0,0,1,1,0,0,1,1,0
1756,0,0,0,1,0,0,0,0,0,0,0,0
1757,1,0,0,0,0,0,0,1,0,0,0,0
1758,0,0,0,0,1,0,0,0,0,0,0,0
1759,0,0,0,0,1,0,0,0,0,0,1,0
1760,0,0,0,1,0,0,0,0,0,0,0,1
1761,0,0,0,1,0,0,0,0,0,1,0,1
1762,0,0,0,0,0,0,1,0,0,0,0,1
1763,0,0,0,0,0,0,0,0,0,0,0,1
1764,0,0,0,1,0,0,1,0,0,0,0,1
1765,0,0,0,0,0,0,0,1,0,0,0,0
1766,0,0,0,1,0,0,0,0,0,0,0,0
1767,0,0,1,1,0,0,0,0,0,0,0,1
1768,0,0,0,0,0,0,1,0,1,0,0,1
1769,0,0,0,1,0,0,0,0,0,0,0,0
1770,0,0,0,0,0,0,0,0,0,1,0,1
1771,0,0,0,0,0,0,0,0,0,1,0,0
1772,0,0,0,0,0,0,0,1,0,0,0,0
1773,1,0,0,1,0,0,0,1,0,0,0,0
1774,0,1,0,1,0,0,0,1,0,0,0,0
1775,0,0,0,0,0,0,1,0,0,1,0,0
1776,0,0,0,0,1,0,0,1,0,0,0,0
1777,0,0,0,1,0,0,0,0,0,0,0,1
1778,0,0,0,0,0,0,0,0,0,0,0,0
1779,0,0,0,1,0,0,0,0,0,0,1,1
1780,1,0,0,1,0,1,0,0,0,0,0,0
1781,1,0,0,1,0,0,0,0,0,0,0,0
1782,0,0,0,1,0,0,0,0,0,0,0,0
1783,0,0,0,0,0,0,0,1,0,0,0,0
1784,1,1,1,0,1,1,0,1,0,0,1,0
1785,0,0,0,1,0,0,0,0,1,0,0,1
1786,0,0,0,0,0,0,0,1,0,0,0,0
1787,0,0,0,0,0,0,0,1,0,0,0,0
1788,1,1,0,0,0,0,0,1,0,0,0,0
1789,0,0,0,0,0,0,0,0,0,0,0,1
1790,0,0,0,0,0,0,0,1,0,0,0,0
1791,1,0,0,0,0,0,0,1,0,0,0,0
1792,0,0,0,1,0,0,0,1,0,0,0,0
1793,1,0,0,0,0,0,0,1,0,0,0,1
1794,1,0,0,0,1,0,0,0,0,0,0,0
1795,0,0,0,1,0,0,0,1,0,0,0,0
1796,0,0,0,1,0,0,1,0,0,0,0,1
1797,1,0,0,0,0,0,0,0,0,0,0,0
1798,0,0,0,1,0,1,0,1,0,0,0,0
1799,0,0,0,1,0,0,0,0,0,0,0,1
1800,0,0,0,0,0,0,0,0,0,0,0,1
1801,0,0,0,0,0,0,0,1,0,0,0,0
1802,1,0,0,0,1,0,0,0,0,0,0,0
1803,0,0,0,1,0,0,0,0,0,0,0,1
1804,0,0,0,1,0,0,0,1,0,0,0,0
1805,0,0,0,0,0,0,0,0,0,0,0,0
1806,1,0,0,0,1,1,0,1,0,0,0,0
1807,1,1,0,0,0,0,0,1,0,0,0,0
1808,0,0,0,1,0,0,0,0,0,0,0,0
1809,0,0,0,0,0,0,0,0,0,0,0,1
1810,1,1,0,0,0,1,0,1,0,0,1,0
1811,0,0,0,1,0,1,0,1,0,0,0,0
1812,1,0,0,1,0,0,0,1,0,0,0,0
1813,0,0,0,1,0,0,0,0,0,0,0,1
1814,0,0,0,0,0,0,0,1,0,0,0,0
1815,1,0,0,0,0,1,0,1,0,0,0,0
1816,0,0,1,0,1,0,0,0,0,0,0,0
1817,0,0,0,0,0,0,0,0,0,1,0,1
1818,0,0,0,1,0,0,0,0,0,0,0,0
1819,1,1,0,0,0,0,0,1,0,0,0,0
1820,0,1,0,0,0,1,0,1,0,0,0,0
1821,0,0,0,0,0,0,0,1,0,0,0,0
1822,1,0,0,1,0,0,0,0,0,0,0,0
1823,0,0,0,0,0,0,1,0,0,0,0,1
1824,0,0,0,1,0,0,0,0,0,0,0,1
1825,0,0,0,1,0,0,0,0,0,0,0,1
1826,0,0,0,0,0,0,0,0,0,0,0,0
1827,0,0,0,0,0,0,0,0,0,0,0,1
1828,0,0,0,1,0,0,0,1,0,0,0,0
1829,0,0,0,1,0,0,0,0,0,0,0,1
1830,0,0,0,0,1,0,0,0,0,0,0,1
1831,0,0,0,0,0,0,0,0,0,0,0,1
1832,1,1,0,0,0,1,0,1,0,0,0,0
1833,0,0,0,1,0,0,0,0,0,0,0,1
1834,0,0,0,0,0,0,0,0,0,0,0,0
1835,0,0,0,0,0,0,0,0,0,0,0,1
1836,1,0,0,0,0,0,0,1,0,0,1,0
1837,1,0,0,0,0,0,0,0,0,0,0,1
1838,0,0,0,1,0,1,1,0,0,0,0,1
1839,0,0,0,1,0,0,0,0,0,0,0,0
1840,0,0,0,0,0,0,1,0,0,1,0,1
1841,0,0,0,1,0,0,1,0,0,0,0,1
1842,0,0,0,1,0,0,0,0,1,0,0,1
1843,0,0,0,1,0,0,0,1,0,0,0,0
1844,0,0,0,1,0,0,0,1,0,0,0,0
1845,0,0,0,1,0,0,0,0,0,0,0,1
1846,0,0,0,1,0,0,0,1,0,0,0,1
1847,1,0,0,1,0,0,0,1,0,0,0,1
1848,0,0,0,1,0,0,1,0,1,1,0,0
1849,0,0,0,1,0,0,0,0,0,0,0,0
1850,1,0,0,1,0,0,0,1,0,0,0,0
1851,1,0,0,0,0,0,1,1,0,1,1,0
1852,1,0,0,1,0,1,0,0,0,0,0,1
1853,0,0,0,1,0,1,0,1,0,0,0,0
1854,1,0,0,0,0,0,0,0,0,0,0,0
1855,0,0,0,0,0,0,1,0,1,0,0,1
1856,0,0,0,0,0,0,0,1,0,0,0,0
1857,0,0,0,0,0,0,1,0,0,0,0,0
1858,0,0,0,0,0,1,0,0,0,0,0,0
1859,0,0,0,0,1,1,0,1,0,0,0,0
1860,1,1,0,0,0,1,0,1,0,0,1,0
1861,0,0,0,0,0,1,0,1,0,0,0,0
1862,0,0,0,1,0,0,0,1,0,0,0,1
1863,0,0,0,0,1,1,0,1,0,0,0,0
1864,0,0,0,0,0,0,1,0,0,0,0,1
1865,0,0,0,1,0,0,0,0,0,1,0,1
1866,0,0,0,0,0,0,0,0,0,0,0,1
1867,0,0,0,1,0,0,0,0,0,0,0,1
1868,1,1,0,0,1,0,0,1,0,0,0,0
1869,0,0,0,1,0,0,0,0,0,0,0,0
1870,0,0,0,1,0,0,0,0,0,0,0,0
1871,0,0,0,0,0,0,0,0,0,1,0,1
1872,0,0,0,0,0,0,0,0,0,0,0,1
1873,0,0,0,0,0,0,1,0,1,0,0,1
1874,1,0,0,0,0,0,0,1,0,0,0,0
1875,0,0,0,0,0,0,0,0,0,0,0,0
1876,0,0,0,1,0,0,1,0,0,1,0,1
1877,0,0,0,1,0,0,0,0,0,0,0,0
1878,0,0,0,1,0,0,0,1,0,0,0,0
1879,0,0,0,0,0,0,0,1,0,0,0,0
1880,0,0,0,1,0,0,0,0,0,0,0,1
1881,0,0,0,0,0,0,1,0,0,0,1,0
1882,0,0,0,1,0,0,0,0,0,0,0,1
1883,0,0,0,0,0,0,0,1,0,0,1,0
1884,0,0,0,1,0,0,0,0,0,0,0,1
1885,0,0,0,0,0,0,0,1,0,0,0,0
1886,1,0,0,0,0,0,0,0,1,0,0,1
1887,0,0,0,0,0,0,0,1,0,0,0,0
1888,0,0,0,0,0,0,0,0,0,0,0,0
1889,1,0,0,0,0,0,0,1,0,0,1,0
1890,0,0,0,0,0,1,0,0,0,0,0,0
1891,1,1,0,0,1,0,0,0,0,0,1,0
1892,1,1,0,0,1,0,0,1,0,0,0,0
1893,1,1,0,0,0,0,0,1,0,0,1,0
1894,0,0,0,1,0,0,0,1,0,0,0,0
1895,1,0,0,0,0,0,0,0,0,0,0,0
1896,0,0,0,1,0,0,0,1,0,0,0,0
1897,0,0,0,1,0,1,0,1,0,0,0,1
1898,0,0,0,0,0,0,0,0,0,0,0,0
1899,0,0,0,1,0,0,0,0,0,0,0,1
1900,0,0,0,0,1,1,0,1,0,0,0,0
1901,0,0,0,0,0,0,0,0,0,0,0,0
1902,1,1,0,1,0,0,0,0,0,0,0,0
1903,1,0,0,0,0,1,0,0,0,0,0,1
1904,0,0,0,0,0,0,0,0,0,0,0,1
1905,0,0,0,1,1,1,0,1,0,0,0,0
1906,0,1,0,0,0,0,0,1,0,0,0,0
1907,0,0,0,1,1,0,0,1,0,0,0,0
1908,0,0,0,1,0,0,0,1,0,0,0,0
1909,1,0,0,1,1,0,0,0,0,0,0,0
1910,1,1,0,1,1,0,0,1,0,0,1,1
1911,1,0,0,1,1,0,0,0,0,0,0,0
1912,0,0,0,0,0,0,0,0,0,0,0,0
1913,1,0,0,1,0,1,0,1,0,0,0,0
1914,0,0,0,0,0,0,0,1,0,0,0,0
1915,0,0,0,1,0,0,0,0,0,0,0,1
1916,1,0,0,1,0,0,0,1,0,1,0,1
1917,1,0,0,1,0,0,0,0,0,0,0,1
1918,0,0,0,1,0,0,0,1,0,0,0,0
1919,0,0,0,1,1,0,1,0,0,0,0,0
1920,0,0,0,0,0,0,0,0,0,0,0,0
1921,0,0,0,1,0,0,0,0,0,0,0,1
1922,0,0,0,0,0,0,0,0,0,0,0,0
1923,0,0,0,1,0,0,0,0,0,0,0,1
1924,0,0,0,1,0,0,0,0,0,0,0,1
1925,0,0,0,1,0,1,0,1,0,0,0,0
1926,1,0,0,1,0,0,0,1,0,0,0,0
1927,0,0,0,0,0,0,0,0,0,0,0,1
1928,0,0,0,0,0,0,0,0,0,0,0,1
1929,0,0,0,1,0,0,0,0,0,0,0,0
1930,1,0,0,0,1,1,0,1,0,0,0,0
1931,0,0,0,0,1,0,0,0,0,0,0,0
1932,0,0,0,1,0,0,0,1,0,0,0,0
1933,0,1,0,0,0,0,0,1,0,0,0,0
1934,0,1,0,0,0,0,0,1,0,0,0,0
1935,0,0,0,1,0,0,0,0,0,0,0,1
1936,0,0,0,0,0,0,0,0,0,0,0,1
1937,0,0,0,1,0,0,0,0,0,0,0,1
1938,1,0,0,1,1,0,0,1,0,0,0,0
1939,0,0,0,1,0,1,0,1,0,0,0,0
1940,0,0,0,0,0,0,1,0,0,0,0,1
1941,0,0,0,0,0,0,0,0,0,0,0,0
1942,0,0,0,1,0,0,0,0,0,0,0,1
1943,0,0,0,0,0,0,0,1,0,0,0,0
1944,0,0,0,1,0,0,0,0,0,0,0,0
1945,1,0,0,0,1,1,0,0,0,0,0,0
1946,0,0,0,1,0,0,0,0,0,0,0,1
1947,0,0,0,0,0,0,0,1,0,0,0,0
1948,0,0,0,0,0,0,0,0,0,0,0,0
1949,0,0,0,1,0,0,0,0,0,1,0,1
1950,0,0,0,0,0,0,0,0,0,1,0,1
1951,1,0,0,0,0,1,0,0,0,0,1,1
1952,0,0,0,0,0,0,0,0,0,0,0,1
1953,0,0,0,0,0,0,0,0,0,0,0,1
1954,1,0,0,1,1,0,0,0,0,0,1,0
1955,1,0,0,1,0,0,0,1,0,0,0,0
1956,0,0,0,1,0,0,0,0,0,0,0,1
1957,1,0,0,0,1,1,0,1,0,0,0,0
1958,0,0,0,0,0,1,0,0,0,1,0,0
1959,1,0,0,0,0,0,0,1,0,1,0,0
1960,0,0,0,1,0,0,0,0,0,0,0,0
1961,0,0,0,0,0,0,0,0,0,1,0,1
1962,0,0,0,0,0,0,1,0,0,0,1,1
1963,1,0,0,0,0,0,0,1,0,0,0,0
1964,1,0,0,1,0,0,0,0,0,0,0,1
1965,1,0,0,0,1,0,0,1,0,0,0,0
1966,0,0,0,1,0,0,0,0,1,0,0,1
1967,0,0,0,1,0,0,0,0,0,0,0,0
1968,1,1,0,0,1,1,0,1,0,0,1,0
1969,0,0,0,1,0,0,0,1,0,0,0,0
1970,0,0,0,0,0,0,1,0,0,1,0,0
1971,0,0,0,1,0,0,0,0,0,0,0,1
1972,0,0,0,1,0,0,0,0,0,0,0,1
1973,0,0,0,0,0,0,0,0,0,0,0,1
1974,0,0,0,1,0,0,0,1,0,0,0,0
1975,1,0,0,0,1,0,0,1,0,0,0,0
1976,1,0,0,0,0,0,0,1,0,0,0,0
1977,0,0,0,0,0,0,0,0,0,0,0,1
1978,0,0,0,0,0,0,0,0,0,0,0,0
1979,0,0,0,1,0,0,0,0,0,0,0,0
1980,0,0,0,0,0,0,1,0,0,1,0,1
1981,0,0,0,1,0,0,0,0,0,0,0,0
1982,0,0,0,1,0,0,0,1,0,0,0,0
1983,0,0,0,0,0,0,0,0,0,0,0,1
1984,0,0,0,1,0,0,0,0,0,0,0,1
1985,1,0,0,0,0,0,0,0,0,0,0,0
1986,1,0,0,1,1,0,0,1,0,0,0,0
1987,1,0,0,1,0,0,0,1,0,0,0,1
1988,1,1,0,0,1,0,0,1,0,0,1,0
1989,0,0,0,0,0,1,0,1,0,0,0,0
1990,0,0,0,0,1,0,0,1,0,0,0,0
1991,1,0,0,0,0,0,0,1,0,0,0,0
1992,1,0,0,0,0,0,0,0,0,0,1,1
1993,0,0,0,0,0,0,0,0,0,0,0,1
1994,0,0,0,0,1,0,0,1,0,0,0,0
1995,0,0,0,0,0,0,1,0,1,1,0,1
1996,0,0,0,0,0,0,0,0,0,0,0,1
1997,0,0,0,0,0,0,0,0,0,0,0,0
1998,0,0,0,1,0,0,0,1,0,0,0,0
1999,1,1,0,0,1,1,0,1,0,0,0,0
2000,1,0,0,0,0,1,0,1,0,0,0,0
2001,0,0,0,0,0,0,0,0,0,1,0,1
2002,0,0,0,1,0,0,0,0,0,0,0,1
2003,1,0,0,1,0,0,0,1,0,0,0,0
2004,0,0,0,0,1,0,0,1,0,0,0,0
2005,1,0,0,1,0,0,0,0,0,0,0,1
2006,0,0,1,1,0,0,0,0,1,0,0,1
2007,1,1,0,0,0,1,0,1,0,0,0,0
2008,0,1,0,1,0,0,0,0,0,0,0,0
2009,0,0,0,0,0,0,0,0,0,1,0,0
2010,0,0,0,1,0,0,0,0,0,0,0,0
2011,1,0,0,0,1,1,0,1,0,0,1,0
2012,0,0,0,1,0,0,0,0,0,1,0,1
2013,0,0,0,0,0,0,0,0,0,0,0,1
2014,0,0,0,1,0,0,0,0,0,0,0,1
2015,0,0,0,0,0,0,1,0,0,1,0,1
2016,1,0,0,1,0,0,0,0,1,0,0,0
2017,0,1,0,1,0,0,0,0,0,0,1,1
2018,0,0,0,0,0,0,0,1,0,0,0,0
2019,0,0,0,1,0,0,0,1,0,0,0,0
2020,1,0,0,0,0,1,0,1,0,0,0,0
2021,0,1,0,0,0,0,0,1,0,0,0,0
2022,0,0,0,1,0,0,0,1,0,0,0,1
2023,0,0,0,1,0,0,0,0,0,0,1,1
2024,0,0,0,1,0,0,0,0,0,1,0,1
2025,1,0,0,0,0,0,0,0,0,0,1,0
2026,1,0,0,1,1,0,0,1,0,0,0,1
2027,0,0,0,0,0,0,0,1,0,0,0,0
2028,1,0,0,1,0,0,0,1,0,0,0,0
2029,0,0,0,1,0,0,1,0,0,0,0,1
2030,1,0,0,0,0,0,0,0,0,0,0,1
2031,0,0,0,1,0,0,0,0,0,0,0,1
2032,0,0,0,1,0,1,0,0,0,0,0,1
2033,0,0,0,0,0,0,0,0,0,0,0,1
2034,1,0,0,1,0,0,0,1,0,0,0,0
2035,0,0,0,0,0,0,0,0,0,0,0,0
2036,0,0,0,1,0,0,0,0,0,0,0,1
2037,1,1,0,0,0,0,0,1,0,0,0,0
2038,1,0,0,0,0,0,0,1,0,0,0,0
2039,0,0,0,0,0,0,0,1,0,0,0,0
2040,0,0,0,1,0,0,0,0,0,0,0,1
2041,0,0,0,0,0,0,0,1,0,0,0,0
2042,0,0,0,0,0,0,0,0,0,0,0,0
2043,0,0,0,0,0,0,0,1,0,0,0,0
2044,1,1,0,0,0,0,0,1,0,0,0,0
2045,0,0,0,0,0,0,0,1,0,0,0,0
2046,0,0,0,0,0,0,0,1,0,0,0,0
2047,1,0,0,1,0,0,0,0,0,0,0,1
2048,0,0,0,1,0,0,1,0,0,0,1,0
2049,1,0,0,1,1,0,0,0,1,0,0,0
2050,0,0,0,0,1,1,0,1,1,0,0,0
2051,1,0,0,0,0,1,0,0,0,0,0,0
2052,0,0,0,1,0,0,1,0,0,0,0,0
2053,0,0,0,1,0,1,0,1,0,0,0,0
2054,0,0,0,1,0,0,0,0,0,0,0,1
2055,0,0,0,0,0,0,0,1,0,0,0,0
2056,0,1,0,0,1,1,0,1,0,0,0,0
2057,0,0,0,1,0,0,0,0,0,0,0,1
2058,1,0,0,1,0,0,0,0,0,0,0,0
2059,0,0,0,0,0,0,0,0,0,0,0,1
2060,0,0,0,0,0,0,0,1,0,0,0,0
2061,0,0,0,0,0,0,0,0,0,0,0,0
2062,1,0,0,0,0,0,0,1,0,0,0,0
2063,0,0,1,0,0,0,1,0,0,1,0,1
2064,0,0,0,1,0,1,0,1,0,0,0,0
2065,0,0,0,0,0,0,0,0,0,0,0,0
2066,0,0,0,1,0,0,0,0,1,0,0,1
2067,0,0,0,1,0,0,0,0,0,0,0,0
2068,0,0,0,0,0,0,0,1,0,0,0,0
2069,0,0,0,0,0,0,0,0,0,0,0,0
2070,0,0,0,1,0,0,0,1,0,0,0,1
2071,0,0,0,0,0,0,0,0,0,0,0,0
2072,0,0,0,1,0,1,0,0,0,0,0,1
2073,0,0,0,1,1,0,0,0,0,0,0,1
2074,0,0,0,0,0,0,0,1,0,0,0,0
2075,0,0,0,0,0,0,0,1,0,0,0,0
2076,1,0,0,0,1,0,0,1,0,0,0,0
2077,0,0,0,1,0,0,0,0,0,0,0,0
2078,1,1,0,0,1,0,0,0,0,0,0,0
2079,0,0,0,1,0,0,1,0,0,1,0,1
2080,0,1,0,0,0,1,0,1,0,0,0,0
2081,0,0,0,1,0,0,1,0,0,0,0,0
2082,1,1,0,1,0,1,0,1,0,0,1,0
2083,1,0,0,0,1,0,0,1,0,0,1,0
2084,0,0,0,1,0,0,0,1,0,0,0,0
2085,0,0,0,0,0,1,0,1,0,0,0,0
2086,1,0,0,0,0,0,0,1,0,0,0,0
2087,0,0,0,0,1,1,0,1,0,0,0,0
2088,0,0,0,0,0,0,0,1,0,0,0,0
2089,0,0,0,0,0,0,1,0,0,1,0,1
2090,1,0,0,0,1,0,1,0,0,1,0,0
2091,0,1,0,0,0,0,0,1,0,0,0,0
2092,0,0,0,0,0,0,0,1,0,0,0,0
2093,0,0,0,1,1,0,0,1,0,0,0,0
2094,1,0,0,1,0,0,0,1,0,0,0,0
2095,0,0,0,1,0,0,0,0,0,0,0,0
2096,1,0,0,0,0,0,0,1,0,0,0,0
2097,1,0,0,1,0,0,0,0,0,0,0,0
2098,0,0,0,0,0,0,0,0,1,0,0,1
2099,0,0,0,0,0,0,1,0,0,1,0,1
2100,0,0,0,1,0,0,0,0,0,0,0,1
2101,0,0,0,0,1,0,0,1,0,0,0,0
2102,0,0,0,0,0,0,0,0,0,0,0,1
2103,0,0,0,0,0,0,0,0,0,1,0,1
2104,1,0,0,0,0,0,0,1,0,0,0,0
2105,0,0,0,0,0,0,0,0,0,0,1,1
2106,0,0,0,1,0,0,0,0,0,0,0,1
2107,0,0,0,1,0,0,0,0,0,0,0,1
2108,0,0,0,0,1,1,0,1,0,0,0,0
2109,0,0,0,1,0,0,0,0,0,0,0,1
2110,1,1,0,0,1,0,0,1,0,0,1,0
2111,0,0,0,1,0,1,0,0,0,0,0,1
2112,1,0,0,1,0,0,0,1,0,0,0,0
2113,1,0,1,0,1,0,0,1,0,0,0,0
2114,0,0,0,0,0,0,0,0,0,0,0,1
2115,0,0,0,1,0,0,0,0,0,0,0,1
2116,0,0,0,1,0,0,0,0,0,0,0,1
2117,0,0,0,0,0,0,0,0,0,0,0,1
2118,0,0,0,0,0,0,0,0,0,0,0,1
2119,0,0,0,1,0,0,0,0,0,0,0,0
2120,0,0,0,1,0,0,0,1,0,0,0,0
2121,0,0,0,1,0,0,0,0,0,0,0,0
2122,0,0,0,1,0,0,0,0,0,0,0,1
2123,1,0,0,0,0,1,0,1,0,0,0,0
2124,0,0,0,1,0,1,0,0,1,0,0,0
2125,0,0,0,1,0,0,0,0,0,0,0,0
2126,0,0,0,0,0,0,0,0,0,0,0,1
2127,0,0,0,0,0,0,0,1,0,0,0,1
2128,1,0,0,0,0,0,0,0,0,0,0,0
2129,0,0,0,0,0,0,0,0,0,1,0,1
2130,1,1,0,0,1,0,0,1,0,0,0,0
2131,0,0,0,1,0,0,0,0,0,1,0,1
2132,0,0,0,0,0,0,0,1,0,0,0,0
2133,1,0,0,0,1,0,0,0,0,0,0,0
2134,0,0,0,0,0,0,0,1,0,0,0,1
2135,0,0,0,1,0,0,0,0,0,0,0,0
2136,1,0,0,0,0,0,0,1,0,0,0,0
2137,0,0,0,1,0,1,0,1,0,0,0,0
2138,0,0,0,1,0,0,0,0,0,0,0,0
2139,1,0,0,1,0,0,0,1,0,0,0,0
2140,0,0,0,0,0,0,0,0,0,0,0,1
2141,0,0,0,0,0,1,0,1,0,0,0,0
2142,0,0,0,0,0,0,0,1,0,0,0,1
2143,0,0,0,1,1,0,0,0,0,0,0,0
2144,0,0,0,1,0,1,0,1,0,0,0,1
2145,0,0,0,1,0,0,0,0,0,0,0,0
2146,0,0,0,0,0,0,0,0,0,0,0,0
2147,0,0,0,1,0,0,0,1,0,0,0,0
2148,0,0,0,0,0,0,0,0,0,0,0,1
2149,0,0,0,1,0,0,0,1,0,0,0,0
2150,0,1,0,1,0,0,0,1,0,0,0,0
2151,0,0,0,1,0,0,0,0,0,0,0,1
2152,0,0,0,1,0,0,0,0,0,1,0,1
2153,1,0,0,0,1,0,0,1,0,0,1,0
2154,0,0,0,0,0,0,0,0,0,0,0,0
2155,0,0,0,1,0,0,0,0,0,0,0,0
2156,0,0,0,1,0,0,0,1,0,0,0,0
2157,1,0,0,0,0,0,0,1,0,0,1,0
2158,0,0,0,0,0,1,0,1,0,0,1,0
2159,0,0,0,1,0,0,0,0,0,0,0,1
2160,0,0,0,0,1,1,0,1,0,0,0,0
2161,0,0,0,0,0,0,0,1,0,0,0,0
2162,0,0,0,1,0,0,0,0,0,0,0,1
2163,0,0,0,0,0,0,0,0,0,0,0,1
2164,0,0,0,1,1,0,0,0,1,0,0,1
2165,1,0,0,1,0,1,0,1,0,0,1,0
2166,0,0,0,0,0,0,0,1,0,0,0,0
2167,0,0,0,1,0,0,0,0,0,0,0,1
2168,0,0,0,1,0,0,0,1,0,0,0,1
2169,0,0,0,1,0,0,0,1,0,0,0,0
2170,0,0,0,0,0,0,0,1,0,0,0,0
2171,0,0,0,1,0,0,0,0,0,0,0,1
2172,0,0,0,0,0,1,0,1,0,0,0,0
2173,1,0,0,0,0,0,0,0,0,0,0,0
2174,1,0,0,1,0,0,0,0,0,0,0,1
2175,0,0,0,0,0,0,0,1,0,0,0,0
2176,0,0,0,1,0,0,0,0,0,0,0,0
2177,0,0,0,0,0,0,0,1,0,0,0,1
2178,0,0,0,0,0,0,0,0,0,1,0,0
2179,0,0,0,1,0,0,0,1,0,0,0,0
2180,1,1,0,0,0,0,0,1,0,0,1,0
2181,0,0,0,0,0,0,0,0,0,0,0,1
2182,0,0,0,0,0,0,0,1,1,0,1,0
2183,0,0,0,0,0,0,0,1,0,0,0,0
2184,0,0,0,1,0,0,0,0,0,0,0,1
2185,0,0,0,0,0,0,0,0,0,0,0,0
2186,0,0,0,1,0,0,0,0,0,0,0,0
2187,0,0,0,1,0,0,0,1,0,0,0,0
2188,0,1,0,1,0,1,0,1,0,0,0,0
2189,0,0,0,1,0,0,0,0,0,0,0,0
2190,0,0,0,0,0,0,0,0,0,1,0,1
2191,1,0,0,1,0,0,0,0,0,0,0,1
2192,0,0,0,0,0,0,0,0,0,0,0,0
2193,0,0,0,1,0,1,0,1,0,0,0,0
2194,0,0,0,0,0,0,0,0,0,0,0,1
2195,0,0,0,1,0,0,0,0,0,0,0,1
2196,0,0,0,0,0,0,0,0,0,0,0,1
2197,0,0,0,1,0,0,0,1,0,0,0,1
2198,0,0,0,0,0,0,0,0,0,0,0,1
2199,0,1,0,0,0,1,0,1,0,0,0,0
2200,0,0,0,1,0,0,0,1,0,0,0,0
2201,0,0,0,1,0,0,0,1,0,0,0,0
2202,1,1,0,0,1,1,0,1,0,0,1,0
2203,1,1,0,0,1,1,0,1,0,0,0,0
2204,0,0,0,1,0,1,0,0,0,0,0,0
2205,0,0,0,0,0,0,0,1,0,0,0,0
2206,0,0,0,1,0,0,0,0,0,0,0,1
2207,0,0,0,1,0,0,0,1,0,0,0,0
2208,1,0,0,0,0,0,0,0,0,0,1,0
2209,0,0,0,1,0,0,0,1,0,0,0,0
2210,0,0,0,0,0,0,0,0,0,0,0,1
2211,0,0,0,0,0,1,0,1,0,0,0,0
2212,0,0,0,1,0,0,0,0,0,0,0,1
2213,0,1,0,0,1,0,0,1,0,0,0,0
2214,0,0,0,1,0,1,0,1,0,0,0,0
2215,0,0,0,0,0,0,0,0,0,0,0,1
2216,0,0,0,1,0,0,0,0,0,0,0,1
2217,0,0,0,0,0,0,0,0,0,0,0,1
2218,0,0,0,1,0,0,0,0,0,0,0,0
2219,1,0,0,0,1,1,0,1,0,1,1,0
2220,0,0,0,0,0,0,0,0,0,0,0,0
2221,0,0,0,1,0,0,0,0,0,0,0,0
2222,0,0,0,0,0,0,0,0,0,0,0,1
2223,0,0,0,1,0,1,0,1,0,0,0,0
2224,0,0,0,1,0,0,0,0,0,0,0,0
2225,1,0,0,0,0,1,0,0,0,0,0,1
2226,0,0,0,1,0,0,0,1,0,0,0,1
2227,0,0,0,0,0,0,0,0,0,0,0,1
2228,0,1,0,0,0,1,0,1,0,0,0,0
2229,0,0,0,0,0,0,1,0,0,1,0,1
2230,0,0,0,0,1,1,0,1,0,0,1,0
2231,0,0,0,0,1,1,0,0,0,0,0,0
2232,0,0,0,1,0,0,0,0,0,0,0,1
2233,0,0,0,1,0,1,0,0,0,0,0,0
2234,0,0,0,1,0,0,0,1,0,0,0,1
2235,0,0,0,1,1,1,0,1,0,0,0,0
2236,0,0,0,1,0,0,0,1,0,0,0,1
2237,0,0,0,1,0,0,0,0,0,0,0,1
2238,1,1,0,0,0,1,0,1,0,0,1,0
2239,1,0,0,1,0,1,0,1,0,0,0,0
2240,0,0,0,0,0,0,0,0,0,0,0,0
2241,0,0,0,0,0,0,0,1,0,0,0,0
2242,0,0,0,0,0,0,0,0,0,1,1,1
2243,0,0,0,1,0,1,1,0,0,0,0,0
2244,0,0,0,0,0,0,0,1,0,0,0,0
2245,0,0,0,1,0,0,0,1,0,0,0,0
2246,0,0,0,1,0,0,0,0,0,0,0,0
2247,0,0,0,1,0,0,0,1,0,0,0,0
2248,0,0,0,0,0,1,0,1,0,0,0,0
2249,0,0,0,0,1,0,0,1,0,0,0,0
2250,1,0,0,0,0,1,0,1,0,0,0,0
2251,0,0,0,1,0,0,0,0,0,0,0,1
2252,0,0,0,0,0,0,0,1,0,0,0,1
2253,0,0,0,1,0,0,0,0,0,0,0,1
2254,0,0,0,1,0,0,0,0,0,0,0,0
2255,0,0,0,0,0,0,1,0,0,1,0,1
2256,0,0,0,1,0,0,0,1,0,0,0,0
2257,1,1,1,1,1,1,1,1,1,1,1,1
2258,1,0,0,0,0,0,0,0,0,0,0,1
2259,0,0,0,1,0,1,0,0,0,0,0,1
2260,0,0,0,1,0,0,0,0,0,0,0,1
2261,0,0,0,0,0,0,0,1,0,0,0,0
2262,0,0,0,0,0,0,0,1,0,0,1,0
2263,1,0,0,1,0,0,0,0,0,1,0,0
2264,0,0,0,0,0,0,0,0,1,0,0,1
2265,0,0,0,1,0,1,0,1,0,0,0,0
2266,1,1,0,1,0,0,0,1,0,0,0,0
2267,0,0,0,1,0,0,0,1,0,0,0,1
2268,0,0,0,0,0,0,0,1,0,0,0,0
2269,0,0,0,0,0,0,0,1,0,0,0,0
2270,0,0,0,0,0,0,1,1,0,0,0,0
2271,0,0,0,1,0,0,0,0,0,0,0,1
2272,0,0,0,1,0,0,0,0,0,1,0,1
2273,0,0,0,0,0,0,0,1,0,0,1,0
2274,1,0,0,0,0,0,0,1,1,0,0,1
2275,1,0,0,0,0,0,0,1,0,0,0,1
2276,0,1,0,0,0,0,0,1,0,0,0,0
2277,0,0,0,0,0,0,0,1,0,0,0,0
2278,0,0,0,1,0,1,0,1,0,0,0,0
2279,0,0,0,1,1,1,0,1,0,0,0,0
2280,0,0,0,0,0,0,0,0,0,0,0,1
2281,0,0,0,0,0,0,1,0,0,1,0,0
2282,0,0,0,1,0,0,0,0,0,0,0,1
2283,0,0,0,0,1,1,0,1,0,0,0,0
2284,1,0,0,0,1,1,0,1,0,0,0,0
2285,0,0,0,1,0,0,0,0,0,0,0,1
2286,1,1,0,0,0,0,0,0,0,0,0,0
2287,0,0,0,1,0,0,0,1,0,0,0,0
2288,0,0,0,0,0,0,0,0,0,0,0,0
2289,1,0,0,0,1,0,0,1,0,0,1,0
2290,1,0,0,0,1,0,0,1,0,0,0,0
2291,1,0,0,1,1,0,1,1,0,0,0,0
2292,0,0,0,1,0,0,0,1,0,0,0,0
2293,0,0,0,0,0,0,0,0,0,0,0,1
2294,0,0,0,1,0,0,0,0,0,0,0,1
2295,0,0,0,1,0,0,0,1,0,0,0,0
2296,0,0,0,0,0,0,0,1,0,0,0,0
2297,0,0,0,0,0,1,0,1,0,0,0,0
2298,0,0,0,1,0,0,0,1,0,0,0,0
2299,0,0,0,1,0,0,0,1,0,0,0,1
2300,0,0,0,0,0,0,0,1,0,0,0,0
2301,0,0,0,0,0,0,0,0,0,0,0,1
2302,0,0,0,0,1,0,0,1,0,0,0,0
2303,0,0,0,0,0,0,0,0,0,0,0,0
2304,0,0,1,0,0,0,0,1,0,0,0,0
2305,1,1,0,1,0,0,0,1,0,0,1,0
2306,0,0,0,0,0,0,0,0,0,0,0,0
2307,0,0,0,0,0,0,0,0,0,0,0,0
2308,1,0,0,0,1,0,0,1,0,0,0,0
2309,0,0,0,1,1,1,0,1,0,0,0,0
2310,1,1,0,1,1,1,0,1,1,0,1,0
2311,0,1,0,0,0,1,0,1,0,0,0,0
2312,1,0,0,1,0,1,0,0,0,0,0,0
2313,0,1,0,0,0,0,0,1,0,0,0,0
2314,1,0,0,0,0,0,0,1,0,0,1,1
2315,0,0,0,1,0,0,0,0,1,0,0,1
2316,0,0,0,1,0,0,0,0,0,0,0,0
2317,0,0,0,0,0,0,1,0,0,1,0,1
2318,0,0,0,0,0,0,0,0,0,1,0,1
2319,0,0,0,0,0,0,0,0,0,0,0,0
2320,0,0,0,1,0,1,0,1,0,0,0,0
2321,1,1,0,1,0,0,0,1,0,0,0,0
2322,1,1,0,1,1,1,0,1,0,0,1,0
2323,0,0,0,0,0,0,0,0,0,0,0,1
2324,0,0,0,0,1,0,0,0,0,1,0,0
2325,1,0,0,0,0,1,0,1,0,0,0,0
2326,0,0,0,1,0,0,0,1,0,0,0,0
2327,0,0,0,1,0,0,1,0,0,0,0,1
2328,0,0,0,0,0,0,0,0,0,0,0,1
2329,0,0,0,0,0,0,0,0,0,0,0,0
2330,0,0,0,1,0,0,0,1,0,0,0,1
2331,0,0,0,1,0,0,0,0,0,0,0,1
2332,1,0,0,1,0,0,0,1,0,0,0,0
2333,0,0,0,0,0,0,0,0,0,0,0,1
2334,0,0,0,0,0,0,0,0,0,0,0,1
2335,0,0,0,1,0,0,0,1,0,0,0,0
2336,0,0,0,1,0,1,0,0,0,0,0,0
2337,0,0,0,1,0,0,1,1,0,0,0,0
2338,1,1,0,0,0,0,0,0,0,1,0,0
2339,1,0,0,0,1,1,0,1,0,0,0,0
2340,1,0,0,1,0,0,0,1,0,0,0,0
2341,1,0,0,1,1,0,0,0,0,0,0,0
2342,1,0,0,0,0,1,0,0,0,0,0,0
2343,1,0,0,1,0,0,0,0,0,1,1,0
2344,1,0,0,0,1,0,0,1,0,0,0,0
2345,0,0,0,0,0,0,0,0,0,0,0,0
2346,0,0,0,0,0,0,0,0,0,0,0,0
2347,0,1,0,0,1,0,0,1,0,1,0,0
2348,0,0,0,0,0,0,0,0,0,0,0,1
2349,0,0,0,1,0,1,0,1,0,0,0,0
2350,0,0,0,0,0,1,0,0,0,1,1,1
2351,1,0,0,1,0,0,0,1,1,0,0,0
2352,0,1,0,1,1,1,0,1,0,0,0,0
2353,0,0,0,0,0,1,0,1,1,0,0,0
2354,1,0,0,0,0,0,0,0,0,0,0,0
2355,0,0,0,0,0,0,0,0,0,0,0,1
2356,1,1,0,1,0,0,0,0,0,0,0,0
2357,1,0,0,1,0,1,0,1,0,0,0,0
2358,0,0,0,1,0,0,0,0,0,0,0,0
2359,0,0,0,1,0,0,0,0,0,0,0,0
2360,0,0,0,1,0,1,0,1,0,0,0,0
2361,0,0,0,1,0,0,1,0,0,0,0,1
2362,1,0,0,0,0,0,0,0,0,1,0,0
2363,0,0,0,0,0,0,1,0,1,1,0,1
2364,0,0,0,0,0,0,0,1,0,0,0,0
2365,0,0,0,0,0,0,0,0,0,0,0,1
2366,0,0,0,0,0,0,0,0,0,0,0,1
2367,0,0,0,1,0,0,0,0,0,0,0,0
2368,1,0,0,0,0,1,0,1,0,0,0,0
2369,0,0,0,1,0,0,0,0,0,0,0,1
2370,0,0,0,0,0,1,0,1,0,0,0,0
2371,1,0,0,0,0,0,0,1,0,0,1,0
2372,0,0,0,0,0,1,0,1,0,0,0,0
2373,1,0,0,0,0,0,0,1,0,0,0,0
2374,0,0,0,0,0,0,0,1,0,0,0,1
2375,0,0,0,0,0,0,0,1,0,0,0,0
2376,0,0,0,0,0,0,1,0,0,0,0,1
2377,0,0,0,1,0,0,0,1,0,0,0,0
2378,0,0,0,0,0,0,0,1,1,1,0,0
2379,0,0,0,0,0,0,0,1,0,0,0,0
2380,0,0,0,0,0,0,0,1,0,0,0,0
2381,0,0,0,1,0,0,0,1,0,0,0,0
2382,1,0,0,1,0,0,0,1,0,0,0,0
2383,0,0,0,0,0,0,0,0,0,0,0,0
2384,0,0,0,1,0,0,0,0,0,0,0,1
2385,0,1,0,0,0,0,0,1,0,0,1,0
2386,0,0,0,0,0,0,0,0,0,0,0,0
2387,1,0,0,0,0,0,0,1,0,0,0,0
2388,0,0,0,0,0,0,0,0,0,0,0,1
2389,0,0,0,0,0,0,0,0,0,0,0,1
2390,0,0,0,1,0,0,0,0,0,0,0,1
2391,1,0,0,0,0,0,0,1,0,0,0,0
2392,0,0,0,0,0,0,1,1,0,0,0,0
2393,0,0,0,0,0,0,0,0,0,0,0,1
2394,0,0,0,0,0,0,0,0,0,0,0,1
2395,0,0,0,0,0,0,0,0,0,0,0,0
2396,0,1,0,1,0,0,0,1,0,0,0,0
2397,1,0,1,1,0,0,0,0,0,0,0,0
2398,0,1,0,1,0,1,0,0,0,0,0,0
2399,0,0,0,0,0,0,0,1,0,0,0,0
2400,1,1,0,0,0,0,0,0,0,0,1,0
2401,0,1,0,0,0,0,0,1,0,0,1,0
2402,0,0,0,0,0,0,0,1,0,0,0,0
2403,0,0,0,0,0,0,0,0,0,0,0,0
2404,1,0,0,0,1,0,0,1,0,0,0,0
2405,0,0,0,1,0,0,0,1,0,0,0,0
2406,0,0,0,0,0,0,0,1,0,0,0,0
2407,1,0,0,0,0,1,0,1,0,0,0,0
2408,0,0,0,0,0,1,0,1,0,0,0,0
2409,0,0,0,0,0,0,0,0,0,0,0,0
2410,0,0,0,0,0,0,0,0,0,0,0,0
2411,1,0,0,0,0,0,0,1,0,0,1,0
2412,0,0,0,0,0,0,1,0,1,0,0,1
2413,0,0,0,1,0,0,0,1,0,0,0,0
2414,1,1,0,0,0,0,0,0,0,0,0,0
2415,1,1,0,1,0,0,0,0,0,0,0,1
2416,0,0,0,1,0,0,1,0,0,1,0,1
2417,0,0,0,0,0,0,0,0,0,0,0,0
2418,0,0,0,0,0,0,1,0,0,0,0,1
2419,1,0,0,0,0,1,0,1,0,0,0,0
2420,0,0,0,1,0,0,0,0,0,0,0,1
2421,1,0,0,1,0,0,0,1,0,0,1,0
2422,0,0,0,1,0,1,0,1,0,0,0,1
2423,0,0,0,1,0,0,0,1,0,0,0,0
2424,0,0,0,1,0,0,1,0,0,0,0,0
2425,0,0,0,0,0,0,0,0,0,0,0,0
2426,1,0,0,1,0,0,0,1,0,0,0,0
2427,0,0,0,1,0,0,0,0,0,0,0,0
2428,1,1,0,0,1,1,0,1,0,0,0,0
2429,1,1,0,0,1,0,0,0,0,0,1,0
2430,1,0,0,1,0,0,0,1,0,0,1,0
2431,0,0,0,0,0,0,0,0,0,0,0,0
2432,0,0,0,0,0,0,0,0,0,1,0,1
2433,1,0,0,1,0,0,0,0,0,0,0,0
2434,0,0,0,0,1,1,0,0,0,0,0,1
2435,0,0,0,0,0,0,0,0,0,0,0,1
2436,0,0,0,0,0,0,0,0,0,0,0,1
2437,0,1,0,0,0,0,0,1,0,0,0,0
2438,0,0,0,1,1,1,0,1,0,0,0,0
2439,0,0,0,1,0,0,0,0,0,0,0,0
2440,0,0,0,0,0,0,0,0,0,0,0,0
2441,0,0,0,1,0,0,0,1,0,0,0,0
2442,0,0,0,1,0,0,0,0,0,0,0,0
2443,0,0,0,1,0,1,0,0,0,0,0,1
2444,0,0,0,0,0,0,0,0,0,0,0,0
2445,0,0,0,1,0,0,0,0,0,0,0,1
2446,0,0,0,0,0,0,0,0,0,0,0,1
2447,1,0,0,0,0,0,0,0,0,0,1,1
2448,0,0,0,1,0,0,0,1,0,0,0,0
2449,0,0,0,0,1,0,0,0,0,0,0,0
2450,1,0,0,0,0,0,0,0,0,0,0,0
2451,0,0,0,1,0,0,0,0,0,0,0,0
2452,0,0,0,0,0,0,0,0,0,0,0,0
2453,0,0,0,0,0,0,0,0,1,0,0,0
2454,0,0,0,0,0,0,0,1,1,0,0,1
2455,0,0,0,0,0,0,0,0,1,0,0,1
2456,0,0,0,0,0,0,0,1,0,0,0,1
2457,1,0,0,1,0,1,0,1,0,0,0,1
2458,0,0,0,1,0,0,0,0,0,0,0,1
2459,0,0,0,0,0,1,0,1,0,0,0,0
2460,1,0,0,0,0,0,0,1,0,0,0,0
2461,0,0,0,0,0,0,0,1,0,0,0,0
2462,0,0,0,0,0,0,0,1,0,0,0,0
2463,1,1,0,0,0,1,0,1,0,0,0,0
2464,0,0,0,1,0,0,0,1,0,0,0,0
2465,1,0,0,0,0,0,0,1,0,0,1,1
2466,0,0,0,0,0,0,1,0,0,1,0,1
2467,0,0,0,0,0,1,0,1,0,0,0,0
2468,0,0,0,0,0,0,0,0,0,1,0,1
2469,0,0,0,1,0,0,0,1,0,0,0,0
2470,1,0,0,0,1,1,0,1,0,0,0,0
2471,0,0,0,0,0,0,0,0,0,0,0,1
2472,0,0,0,1,0,0,0,0,0,0,0,1
2473,0,0,0,0,0,0,0,0,0,0,0,1
2474,0,0,0,1,0,0,0,0,0,0,0,1
2475,0,0,0,0,0,0,0,0,0,0,0,0
2476,1,0,0,0,0,0,0,1,0,0,0,0
2477,0,0,0,1,0,0,0,0,0,0,0,1
2478,1,0,0,1,1,0,0,1,0,0,0,0
2479,0,0,0,1,0,0,0,1,0,0,0,1
2480,1,1,0,1,0,0,0,1,0,0,0,0
2481,0,1,0,0,0,0,0,1,0,0,0,0
2482,0,0,0,0,0,0,0,1,1,0,0,0
2483,0,0,0,1,0,0,0,0,0,0,0,1
2484,1,0,0,1,0,0,0,0,0,1,0,0
2485,0,0,0,1,0,0,0,1,0,0,0,1
2486,0,0,0,1,0,0,0,1,0,0,0,0
2487,0,0,0,1,0,0,0,0,0,0,0,0
2488,0,0,1,1,1,0,0,0,0,0,0,0
2489,0,0,0,1,0,0,0,1,0,0,0,0
2490,0,0,0,0,0,0,0,0,0,0,0,1
2491,0,0,0,1,0,0,0,0,0,0,0,0
2492,0,0,0,1,0,0,0,0,0,0,0,0
2493,0,0,0,1,0,0,1,1,0,0,0,1
2494,0,0,0,1,0,0,0,1,0,0,0,0
2495,1,0,0,0,0,1,0,1,0,0,1,0
2496,1,0,0,0,0,0,0,1,0,0,0,0
2497,0,1,0,1,0,0,0,0,0,0,0,0
2498,0,0,0,1,0,0,1,0,0,0,0,1
2499,0,0,0,1,0,1,0,1,0,0,1,0
2500,1,0,0,1,0,0,0,0,0,0,0,0
2501,0,0,0,1,0,0,0,1,0,0,1,0
2502,1,0,0,1,0,0,0,1,0,0,0,0
2503,1,0,0,1,0,0,0,1,0,0,0,0
2504,0,1,0,1,1,0,0,1,0,0,1,0
2505,1,0,0,0,1,0,0,1,0,0,0,0
2506,0,0,0,0,0,0,0,0,0,0,0,0
2507,0,0,0,0,0,0,0,0,0,0,0,1
2508,0,0,0,1,0,0,0,1,0,0,0,0
2509,0,0,0,0,0,0,0,1,0,0,0,1
2510,1,1,0,1,1,1,0,1,0,0,1,0
2511,0,0,0,1,0,0,1,1,0,0,0,1
2512,0,0,0,1,1,0,0,1,0,0,0,0
2513,1,0,0,1,0,0,0,1,0,0,0,0
2514,1,0,0,0,1,0,0,1,0,0,0,0
2515,0,0,0,1,0,0,0,0,0,1,0,1
2516,0,0,0,1,0,0,0,0,0,0,0,1
2517,0,0,0,0,0,0,0,1,0,0,0,0
2518,1,0,0,0,0,0,0,1,0,0,0,0
2519,1,0,0,1,0,0,0,0,0,0,0,0
2520,0,0,0,1,0,0,0,1,0,0,0,1
2521,0,0,0,0,0,0,0,0,0,0,0,1
2522,1,0,0,1,0,0,0,1,0,0,0,0
2523,0,0,0,0,0,0,0,1,0,0,0,0
2524,1,0,0,0,0,0,0,1,0,0,0,0
2525,0,0,0,1,0,0,1,0,0,0,0,1
2526,1,0,0,1,0,0,0,0,0,0,0,0
2527,0,0,0,1,0,1,0,0,0,0,0,0
2528,1,0,0,0,0,0,0,0,0,0,0,0
2529,0,0,0,1,0,0,0,0,0,0,0,0
2530,0,0,0,1,0,0,0,0,0,0,0,1
2531,0,0,0,0,0,0,0,1,0,0,0,0
2532,0,0,0,1,0,0,0,1,0,0,0,1
2533,0,0,0,1,0,0,0,1,0,0,0,0
2534,0,0,0,0,0,0,0,0,0,0,0,0
2535,0,0,0,0,0,0,1,0,0,1,0,1
2536,0,0,0,0,0,0,0,0,0,0,0,1
2537,0,0,0,0,0,0,0,0,0,0,0,1
2538,0,0,0,1,0,0,0,0,0,0,0,0
2539,0,0,0,1,0,0,0,0,0,0,0,1
2540,1,0,0,1,0,0,0,1,0,0,0,1
2541,0,0,0,1,0,0,0,0,0,0,0,0
2542,0,0,0,0,1,1,0,1,0,0,0,0
2543,0,0,0,0,0,0,0,1,0,0,1,1
2544,0,0,0,1,0,0,0,1,0,0,0,0
2545,0,0,0,0,0,0,0,0,0,0,0,0
2546,0,0,0,0,0,0,0,0,0,0,0,0
2547,1,1,0,0,1,0,0,0,0,0,1,0
2548,0,0,0,1,0,0,0,1,0,0,0,0
2549,0,0,0,0,0,0,0,0,0,0,0,1
2550,0,0,0,1,0,0,0,0,0,0,0,0
2551,0,0,0,0,0,0,0,1,0,0,0,0
2552,0,0,0,1,0,0,0,1,0,0,0,0
2553,0,0,0,0,0,0,0,0,0,0,0,0
2554,1,0,0,1,0,0,0,0,0,0,0,0
2555,1,0,0,1,1,0,0,1,0,0,0,0
2556,1,1,0,1,0,0,0,0,0,0,0,1
2557,0,0,0,0,0,0,0,1,0,0,0,0
2558,0,0,0,0,1,1,0,1,0,0,0,0
2559,1,0,0,0,0,0,0,1,0,0,0,0
2560,1,0,0,0,0,0,0,1,0,0,0,0
2561,0,0,0,0,0,0,0,0,0,0,0,1
2562,0,0,0,1,0,0,0,0,0,0,0,0
2563,0,0,0,0,0,0,1,0,0,0,0,1
2564,0,0,0,0,0,0,0,0,0,0,0,1
2565,1,1,0,0,0,0,0,0,0,0,1,0
2566,1,0,0,0,0,0,0,1,0,0,0,1
2567,1,1,0,1,0,0,0,1,0,0,0,0
2568,0,0,0,0,0,0,0,0,0,0,0,0
2569,1,0,0,0,1,1,0,1,0,0,0,0
2570,1,0,0,0,1,1,0,0,0,0,0,0
2571,0,0,0,1,0,0,0,0,0,0,0,1
2572,0,1,0,0,0,0,0,1,0,0,0,0
2573,0,0,0,0,0,0,0,0,0,0,0,1
2574,0,0,0,1,0,0,0,0,0,0,0,0
2575,0,0,0,1,0,0,1,0,0,0,0,1
2576,0,0,0,0,0,0,1,0,0,0,0,1
2577,0,0,0,1,0,1,0,1,0,0,0,0
2578,0,1,0,1,0,1,1,1,0,0,1,0
2579,0,0,0,0,0,1,0,1,0,0,0,0
2580,1,0,0,0,0,1,0,1,0,0,1,0
2581,0,0,0,0,0,0,0,0,0,0,0,0
2582,1,0,0,0,1,0,0,0,0,0,1,0
2583,0,0,0,0,0,0,0,0,0,0,0,1
2584,0,0,0,1,0,0,0,1,0,0,0,0
2585,1,0,0,1,0,0,0,0,0,1,0,0
2586,1,0,0,0,1,1,0,1,0,0,0,0
2587,0,0,0,0,0,0,0,1,0,0,0,0
2588,0,1,0,1,0,1,0,0,0,0,1,1
2589,0,0,0,0,0,0,0,0,0,0,0,1
2590,0,0,0,1,0,0,0,1,0,0,0,0
2591,0,0,0,1,0,1,0,1,0,0,0,0
2592,1,0,0,1,0,0,0,0,0,0,0,0
2593,0,1,0,1,0,0,0,1,0,0,0,0
2594,0,0,0,1,0,0,0,1,0,0,0,0
2595,0,0,0,0,0,0,0,0,1,0,0,1
2596,0,0,0,1,0,1,0,1,0,0,0,0
2597,1,0,0,0,0,0,0,1,0,0,0,0
2598,0,0,0,0,0,0,0,0,0,0,0,1
2599,0,0,0,1,0,0,0,1,0,0,0,0
2600,0,0,0,0,0,0,0,0,0,0,0,1
2601,0,0,0,1,0,0,0,0,0,0,0,1
2602,0,0,0,0,0,0,0,1,0,0,0,0
2603,1,0,0,0,0,0,0,0,0,0,1,0
2604,0,0,0,0,0,0,0,0,0,0,0,0
2605,0,0,0,1,0,1,0,1,0,0,0,0
2606,0,0,0,0,0,0,0,0,0,0,0,1
2607,0,0,0,1,1,0,0,0,0,0,0,0
2608,0,0,0,0,1,1,0,0,0,0,0,0
2609,0,0,0,1,1,0,0,1,0,0,0,0
2610,0,0,0,1,0,0,0,0,1,0,0,1
2611,0,0,0,1,0,0,0,0,1,0,0,1
2612,1,0,0,1,0,0,0,1,0,0,0,0
2613,1,0,0,0,1,0,0,1,0,0,0,0
2614,1,0,0,1,0,1,0,1,0,0,0,0
2615,1,1,0,0,1,0,0,1,0,0,1,0
2616,1,0,0,1,0,0,0,1,0,0,1,0
2617,0,0,0,0,0,0,0,1,1,0,0,0
2618,0,0,0,0,0,0,1,0,0,0,0,1
2619,1,0,0,0,0,1,0,1,0,0,1,0
2620,0,0,0,0,0,0,1,0,0,0,0,1
2621,1,1,0,0,0,0,0,1,0,0,1,0
2622,0,0,0,0,0,0,0,0,0,0,0,1
2623,0,0,0,0,0,0,1,0,0,1,0,1
2624,0,0,0,1,0,1,0,1,0,0,0,0
2625,1,0,0,1,0,0,0,1,0,0,0,0
2626,0,0,0,1,0,1,0,1,0,0,0,0
2627,0,0,0,0,0,0,0,0,0,0,0,1
2628,0,0,0,1,0,0,0,0,0,0,0,0
2629,0,1,0,0,0,1,0,0,0,0,0,1
2630,0,0,0,1,0,0,0,1,0,0,0,0
2631,0,0,0,1,0,0,0,0,0,0,0,1
2632,0,0,0,1,0,1,0,0,0,0,0,0
2633,0,0,0,1,0,1,0,0,0,0,1,1
2634,1,1,0,0,0,1,0,1,0,0,1,0
2635,0,0,0,0,0,0,0,1,0,0,0,1
2636,1,1,0,0,0,1,0,1,0,0,1,0
2637,1,0,0,0,1,0,0,1,0,0,0,0
2638,1,0,0,1,1,0,0,0,0,0,0,0
2639,1,0,0,0,1,0,0,0,0,1,0,1
2640,0,0,0,0,0,0,0,1,0,0,0,1
2641,1,1,0,0,1,0,0,1,0,0,1,0
2642,0,0,0,1,0,0,0,0,0,0,0,0
2643,0,0,0,0,0,0,0,0,0,0,0,1
2644,0,0,0,0,0,0,0,0,0,0,0,1
2645,0,0,0,1,0,1,0,1,0,0,0,0
2646,0,0,0,1,0,0,0,1,0,0,0,0
2647,0,0,0,1,0,0,1,0,0,0,0,0
2648,1,1,0,0,1,1,0,1,0,0,1,0
2649,1,0,0,0,0,0,0,1,0,0,1,0
2650,0,0,0,0,0,1,0,0,0,0,0,1
2651,0,0,0,1,0,0,0,0,0,0,0,1
2652,1,0,0,1,1,1,0,0,0,0,0,0
2653,0,0,0,0,0,0,0,0,0,0,0,0
2654,0,0,0,1,0,0,0,0,0,0,0,1
2655,1,0,0,1,0,0,0,1,0,0,0,0
2656,1,0,0,1,0,0,0,0,0,0,0,1
2657,1,0,0,1,0,1,0,1,0,0,0,0
2658,0,0,0,0,0,0,1,0,0,0,0,0
2659,0,0,0,1,0,0,1,1,0,0,1,0
2660,0,1,0,0,0,1,0,1,0,0,0,0
2661,1,0,0,1,1,0,0,0,0,0,0,1
2662,0,0,0,1,0,0,0,0,0,0,0,1
2663,1,0,0,1,0,0,0,1,0,0,0,0
2664,0,0,0,1,0,0,0,1,0,0,0,0
2665,1,0,0,0,0,0,0,1,1,0,0,0
2666,1,0,0,0,0,1,0,1,0,0,0,0
2667,0,0,0,1,0,0,0,1,0,0,0,0
2668,0,0,0,0,0,0,0,0,0,0,0,1
2669,0,0,0,0,0,0,0,0,0,1,0,1
2670,0,0,0,1,0,1,0,0,0,1,0,0
2671,0,0,0,1,0,0,1,1,0,0,0,1
2672,0,0,0,0,0,0,0,0,0,0,0,0
2673,0,0,0,1,0,0,0,0,0,0,0,1
2674,0,0,0,1,0,0,1,0,0,0,0,1
2675,0,0,0,0,0,0,0,0,0,0,0,0
2676,1,0,0,1,0,0,0,1,0,0,0,1
2677,0,0,0,0,0,0,0,0,0,0,0,0
2678,0,0,0,0,0,0,0,1,0,0,0,0
2679,1,0,0,0,0,0,0,0,0,0,0,0
2680,0,0,0,1,0,1,1,1,0,0,0,1
2681,1,0,0,0,0,0,0,1,0,0,1,0
2682,0,0,0,1,0,0,0,1,0,0,0,0
2683,1,0,0,0,0,0,0,1,0,0,0,0
2684,1,0,0,0,0,1,0,0,0,0,0,1
2685,0,0,0,0,0,0,1,0,0,0,0,0
2686,0,0,0,1,0,0,0,0,0,0,0,1
2687,0,0,0,0,0,0,0,0,0,0,0,0
2688,0,0,0,0,0,0,0,0,0,0,1,1
2689,0,0,0,1,0,0,0,0,0,0,0,1
2690,0,0,0,0,1,1,0,1,0,0,0,0
2691,1,0,0,1,0,0,0,0,0,0,0,1
2692,0,0,0,1,0,0,0,0,0,0,0,1
2693,0,0,0,1,0,0,0,1,0,0,0,1
2694,0,0,0,1,0,0,0,1,0,0,0,0
2695,0,0,0,0,0,0,0,0,0,0,0,0
2696,0,0,0,1,0,0,0,0,0,0,0,1
2697,0,0,0,1,0,0,0,0,0,0,0,1
2698,0,0,0,0,0,1,0,1,0,0,0,1
2699,0,0,0,1,0,0,0,1,0,0,0,0
2700,0,0,0,0,0,0,1,0,0,0,0,1
2701,0,0,0,1,0,0,0,0,0,0,0,1
2702,0,0,0,0,1,1,0,1,0,0,0,0
2703,0,0,0,0,0,0,0,1,0,0,0,0
2704,0,0,0,1,0,0,0,0,0,0,0,1
2705,0,0,0,0,0,0,0,0,0,0,0,0
2706,0,0,0,0,0,0,1,0,0,1,0,1
2707,0,0,0,1,0,0,0,1,0,0,0,0
2708,0,0,0,0,0,0,0,0,1,1,0,0
2709,1,0,0,0,0,1,0,1,0,0,0,0
2710,0,1,0,1,0,0,0,1,0,0,0,0
2711,0,0,0,0,0,0,0,0,0,0,0,1
2712,1,0,0,0,0,0,1,0,0,0,0,0
2713,0,0,0,1,0,0,0,0,0,0,0,1
2714,1,1,0,0,1,1,0,1,0,0,0,0
2715,0,0,0,1,0,0,0,0,0,0,0,0
2716,0,0,0,0,0,0,0,0,0,0,0,0
2717,0,0,0,0,0,0,0,0,1,0,0,1
2718,0,0,0,0,0,0,0,0,0,0,0,0
2719,0,0,0,1,0,0,0,0,0,0,0,0
2720,1,0,0,0,1,0,0,1,0,0,1,0
2721,1,1,0,0,0,0,0,1,0,0,0,0
2722,0,1,0,0,0,0,0,1,0,0,1,0
2723,1,1,0,0,0,0,0,1,0,0,1,0
2724,0,0,0,1,0,0,0,1,0,0,0,1
2725,1,0,0,0,0,0,0,1,0,0,0,0
2726,1,0,0,0,0,0,0,1,0,0,0,0
2727,0,0,0,0,0,1,0,0,0,0,0,1
2728,1,0,0,1,1,0,0,0,0,0,0,0
2729,1,0,0,1,1,0,0,1,0,0,0,0
2730,0,0,0,1,0,0,0,0,1,0,0,0
2731,0,1,0,0,0,0,0,0,0,0,1,0
2732,0,0,0,1,0,0,0,1,0,0,0,0
2733,1,0,0,0,0,0,0,0,0,1,0,0
2734,0,0,0,1,1,0,0,1,0,0,0,0
2735,0,0,0,1,0,0,0,1,0,0,0,0
2736,0,0,0,0,0,0,1,0,0,0,1,0
2737,0,0,0,0,0,0,0,1,0,0,0,0
2738,0,0,0,1,0,0,0,1,0,0,1,0
2739,1,0,0,1,1,0,0,1,0,0,0,0
2740,0,0,0,0,0,0,0,1,0,0,0,0
2741,1,0,0,1,0,0,0,1,0,0,0,0
2742,0,0,0,1,0,0,0,1,0,0,0,1
2743,0,0,0,1,0,0,0,1,0,0,0,0
2744,0,0,0,1,0,0,0,1,0,0,0,1
2745,0,0,1,0,0,0,0,0,0,0,0,1
2746,0,0,1,0,1,1,0,0,0,0,0,1
2747,1,0,0,0,0,0,0,0,0,0,0,0
2748,0,0,0,1,0,0,1,0,0,0,0,1
2749,1,0,0,0,0,0,0,0,1,1,0,1
2750,0,0,0,0,0,1,0,0,0,1,0,1
2751,0,0,0,1,0,0,0,1,0,0,0,0
2752,1,0,0,0,1,0,0,1,0,0,0,0
2753,0,0,0,0,0,0,0,1,1,0,1,1
2754,1,0,0,1,0,0,0,0,0,0,0,1
2755,0,0,0,0,0,0,0,0,0,0,0,1
2756,1,0,0,1,0,1,0,1,0,0,0,0
2757,0,0,0,0,0,1,0,1,0,0,0,0
2758,1,0,0,1,0,1,0,1,0,0,0,0
2759,0,0,0,1,0,0,0,1,0,1,0,1
2760,0,0,0,0,0,0,0,0,0,0,0,0
2761,0,0,0,1,0,0,0,1,0,0,0,0
2762,1,0,0,1,0,0,0,1,0,0,0,1
2763,1,0,0,1,0,0,0,1,0,0,0,1
2764,1,0,0,1,0,0,0,1,0,0,0,0
2765,0,0,0,0,0,0,0,1,0,0,0,0
2766,1,0,0,0,1,0,0,1,0,0,0,0
2767,0,0,0,0,0,0,0,0,0,0,0,0
2768,0,0,0,0,0,0,0,0,0,0,0,1
2769,1,0,0,1,0,0,0,1,0,0,1,1
2770,0,0,0,1,0,0,1,1,0,0,0,0
2771,0,0,0,0,0,1,1,0,0,0,0,0
2772,0,0,0,0,0,1,0,1,0,0,0,0
2773,0,0,0,0,0,0,0,0,0,0,0,0
2774,0,0,0,1,0,0,0,0,0,0,0,1
2775,0,0,0,1,0,0,0,1,1,0,0,1
2776,0,0,0,1,0,0,0,0,0,0,0,0
2777,0,0,0,0,0,0,0,1,1,0,0,0
2778,0,0,0,1,0,0,0,0,0,0,0,0
2779,0,0,0,1,0,1,0,1,0,0,0,0
2780,0,0,0,0,0,0,0,1,0,0,0,0
2781,0,0,0,1,0,0,0,0,0,0,0,0
2782,0,0,0,1,0,0,0,1,0,0,0,0
2783,0,1,0,0,1,1,0,1,0,0,0,0
2784,0,1,0,1,0,1,0,1,0,0,0,0
2785,0,0,0,0,0,0,0,0,0,0,0,0
2786,1,0,0,0,0,0,0,0,0,0,0,0
2787,1,1,0,1,0,1,0,1,0,0,0,0
2788,0,0,0,0,0,0,0,1,0,0,0,0
2789,0,0,0,1,0,0,0,0,0,0,0,1
2790,0,0,0,1,0,0,1,0,0,0,0,1
2791,0,0,0,1,0,1,0,1,0,0,0,0
2792,0,0,0,0,0,0,0,1,0,0,0,0
2793,0,0,0,1,0,0,0,1,0,0,0,0
2794,0,1,0,0,0,1,0,1,0,0,0,0
2795,0,0,0,0,0,0,0,0,0,0,0,0
2796,1,0,0,0,0,0,0,1,0,0,0,0
2797,0,0,0,0,1,0,0,1,0,0,0,0
2798,1,0,0,0,0,0,0,1,0,0,0,0
2799,0,0,1,1,1,0,0,0,0,0,0,0
2800,0,0,0,1,0,0,0,0,1,0,0,0
2801,1,0,0,1,0,0,0,0,0,0,0,0
2802,0,0,0,1,0,1,0,1,0,0,0,0
2803,0,0,0,1,0,0,0,1,0,0,0,1
2804,1,1,1,0,1,1,0,1,0,0,0,0
2805,0,0,0,1,0,0,0,0,0,0,0,1
2806,0,0,0,1,0,0,0,0,0,0,0,1
2807,0,0,0,0,0,0,0,0,0,0,0,0
2808,0,0,0,0,0,0,0,0,0,0,0,0
2809,0,0,0,0,0,1,1,1,0,0,0,0
2810,0,0,0,1,0,0,0,0,0,0,0,1
2811,1,0,0,0,0,0,0,0,0,0,1,0
2812,0,0,0,1,0,0,0,1,0,0,0,0
2813,0,0,0,0,0,0,0,0,0,1,0,0
2814,0,0,0,1,0,0,0,0,0,0,1,0
2815,0,0,0,0,0,0,0,1,0,0,0,1
2816,0,0,0,0,0,0,0,1,0,0,0,1
2817,0,0,0,0,0,0,0,0,0,0,0,1
2818,0,0,0,1,0,0,0,0,0,0,0,1
2819,0,0,0,0,0,0,0,0,0,0,0,0
2820,0,0,0,1,0,0,0,0,0,0,0,0
2821,1,0,0,0,0,0,0,1,0,0,0,1
2822,0,0,0,0,0,0,0,1,0,0,0,0
2823,0,0,0,1,0,0,0,1,0,0,0,0
2824,1,0,0,0,0,0,0,0,0,0,0,1
2825,0,0,0,1,0,0,0,1,0,0,0,0
2826,0,0,0,0,0,0,0,0,0,0,0,0
2827,0,0,0,1,0,1,0,0,0,0,0,0
2828,0,0,0,1,0,0,0,1,0,0,0,1
2829,0,0,0,0,0,0,0,0,0,0,0,1
2830,0,0,0,1,0,0,0,0,0,0,0,1
2831,0,0,0,0,0,0,1,0,0,1,0,1
2832,0,0,0,1,0,0,0,1,0,0,0,0
2833,0,0,0,1,0,0,1,0,0,0,0,1
2834,0,0,0,0,0,0,0,1,0,0,0,0
2835,0,0,0,0,0,0,0,0,0,0,0,1
