id,approval,scores_1,scores_2,scores_3,scores_4
1,0.34610232558139536,0.37365000000000004,0.0,0.0,0.0
2,0.5390258823529411,0.522875,0.0,0.0,0.0
3,0.0,0.0,0.0,0.0,
4,0.34610232558139536,0.37365000000000004,0.0,0.0,0.0
5,0.8918,0.8297573529411765,0.0,0.0,0.0
6,0.8918,0.8297573529411765,0.0,0.0,0.0
7,0.5390258823529411,0.522875,0.0,0.0,0.0
8,1.950975,2.612416666666667,0.0,0.0,0.0
9,0.34610232558139536,0.37365000000000004,0.0,0.0,0.0
10,1.950975,2.612416666666667,0.0,0.0,0.0
11,6.230250000000001,5.0055000000000005,0.0,0.0,0.0
12,0.0,0.0,0.0,0.0,
13,0.8918,0.8297573529411765,0.0,0.0,0.0
14,0.5390258823529411,0.522875,0.0,0.0,0.0
15,0.8918,0.8297573529411765,0.0,0.0,0.0
16,6.230250000000001,5.0055000000000005,0.0,0.0,0.0
17,0.0,0.0,0.0,0.0,
18,0.5390258823529411,0.522875,0.0,0.0,0.0
19,0.8918,0.8297573529411765,0.0,0.0,0.0
20,0.34610232558139536,0.37365000000000004,0.0,0.0,0.0
21,0.5390258823529411,0.522875,0.0,0.0,0.0
22,0.34610232558139536,0.37365000000000004,0.0,0.0,0.0
23,1.950975,2.612416666666667,0.0,0.0,0.0
24,0.8918,0.8297573529411765,0.0,0.0,0.0
25,0.5390258823529411,0.522875,0.0,0.0,0.0
26,6.230250000000001,5.0055000000000005,0.0,0.0,0.0
27,0.5390258823529411,0.522875,0.0,0.0,0.0
28,1.950975,2.612416666666667,0.0,0.0,0.0
29,0.0,0.0,0.0,0.0,
30,1.950975,2.612416666666667,0.0,0.0,0.0
31,0.8918,0.8297573529411765,0.0,0.0,0.0
32,0.8918,0.8297573529411765,0.0,0.0,0.0
33,0.34610232558139536,0.37365000000000004,0.0,0.0,0.0
34,0.34610232558139536,0.37365000000000004,0.0,0.0,0.0
35,0.8918,0.8297573529411765,0.0,0.0,0.0
36,0.34610232558139536,0.37365000000000004,0.0,0.0,0.0
37,0.5390258823529411,0.522875,0.0,0.0,0.0
38,0.8918,0.8297573529411765,0.0,0.0,0.0
39,0.34610232558139536,0.37365000000000004,0.0,0.0,0.0
40,0.5390258823529411,0.522875,0.0,0.0,0.0
41,0.0,0.0,0.0,0.0,
42,0.5390258823529411,0.522875,0.0,0.0,0.0
43,0.5390258823529411,0.522875,0.0,0.0,0.0
44,6.230250000000001,5.0055000000000005,0.0,0.0,0.0
45,0.5390258823529411,0.522875,0.0,0.0,0.0
46,0.8918,0.8297573529411765,0.0,0.0,0.0
47,0.5390258823529411,0.522875,0.0,0.0,0.0
48,0.8918,0.8297573529411765,0.0,0.0,0.0
49,0.5390258823529411,0.522875,0.0,0.0,0.0
50,0.8918,0.8297573529411765,0.0,0.0,0.0
51,0.5390258823529411,0.522875,0.0,0.0,0.0
52,0.5390258823529411,0.522875,0.0,0.0,0.0
53,0.5390258823529411,0.522875,0.0,0.0,0.0
54,0.34610232558139536,0.37365000000000004,0.0,0.0,0.0
55,0.8918,0.8297573529411765,0.0,0.0,0.0
56,0.0,0.0,0.0,0.0,
57,0.34610232558139536,0.37365000000000004,0.0,0.0,0.0
58,0.5390258823529411,0.522875,0.0,0.0,0.0
59,0.34610232558139536,0.37365000000000004,0.0,0.0,0.0
60,0.8918,0.8297573529411765,0.0,0.0,0.0
61,0.5390258823529411,0.522875,0.0,0.0,0.0
62,0.5390258823529411,0.522875,0.0,0.0,0.0
63,0.34610232558139536,0.37365000000000004,0.0,0.0,0.0
64,0.8918,0.8297573529411765,0.0,0.0,0.0
65,0.8918,0.8297573529411765,0.0,0.0,0.0
66,0.0,0.0,0.0,0.0,
67,1.950975,2.612416666666667,0.0,0.0,0.0
68,1.950975,2.612416666666667,0.0,0.0,0.0
69,0.8918,0.8297573529411765,0.0,0.0,0.0
70,0.5390258823529411,0.522875,0.0,0.0,0.0
71,0.5390258823529411,0.522875,0.0,0.0,0.0
72,0.0,0.0,0.0,0.0,
73,0.5390258823529411,0.522875,0.0,0.0,0.0
74,0.5390258823529411,0.522875,0.0,0.0,0.0
75,0.8918,0.8297573529411765,0.0,0.0,0.0
76,0.5390258823529411,0.522875,0.0,0.0,0.0
77,0.8918,0.8297573529411765,0.0,0.0,0.0
78,0.5390258823529411,0.522875,0.0,0.0,0.0
79,0.34610232558139536,0.37365000000000004,0.0,0.0,0.0
80,0.5390258823529411,0.522875,0.0,0.0,0.0
81,0.8918,0.8297573529411765,0.0,0.0,0.0
82,0.34610232558139536,0.37365000000000004,0.0,0.0,0.0
83,0.5390258823529411,0.522875,0.0,0.0,0.0
84,0.8918,0.8297573529411765,0.0,0.0,0.0
85,0.8918,0.8297573529411765,0.0,0.0,0.0
86,0.5390258823529411,0.522875,0.0,0.0,0.0
87,0.8918,0.8297573529411765,0.0,0.0,0.0
88,0.8918,0.8297573529411765,0.0,0.0,0.0
89,1.950975,2.612416666666667,0.0,0.0,0.0
90,0.8918,0.8297573529411765,0.0,0.0,0.0
91,0.5390258823529411,0.522875,0.0,0.0,0.0
92,0.34610232558139536,0.37365000000000004,0.0,0.0,0.0
93,0.0,0.0,0.0,0.0,
94,1.2753,0.8538333333333333,0.0,0.0,0.0
95,1.950975,2.612416666666667,0.0,0.0,0.0
96,0.34610232558139536,0.37365000000000004,0.0,0.0,0.0
97,0.5390258823529411,0.522875,0.0,0.0,0.0
98,0.8918,0.8297573529411765,0.0,0.0,0.0
99,0.5390258823529411,0.522875,0.0,0.0,0.0
100,0.8918,0.8297573529411765,0.0,0.0,0.0
101,1.950975,2.612416666666667,0.0,0.0,0.0
102,0.0,0.0,0.0,0.0,
103,0.34610232558139536,0.37365000000000004,0.0,0.0,0.0
104,0.8918,0.8297573529411765,0.0,0.0,0.0
105,2.587764705882353,2.76125,0.0,0.0,0.0
106,0.8918,0.8297573529411765,0.0,0.0,0.0
107,0.8918,0.8297573529411765,0.0,0.0,0.0
108,2.587764705882353,2.76125,0.0,0.0,0.0
109,0.5390258823529411,0.522875,0.0,0.0,0.0
110,0.34610232558139536,0.37365000000000004,0.0,0.0,0.0
111,0.8918,0.8297573529411765,0.0,0.0,0.0
112,0.5390258823529411,0.522875,0.0,0.0,0.0
113,6.230250000000001,5.0055000000000005,0.0,0.0,0.0
114,0.8918,0.8297573529411765,0.0,0.0,0.0
115,1.950975,2.612416666666667,0.0,0.0,0.0
116,0.8918,0.8297573529411765,0.0,0.0,0.0
117,0.5390258823529411,0.522875,0.0,0.0,0.0
118,1.2301714285714287,2.162,0.0,0.0,0.0
119,0.5390258823529411,0.522875,0.0,0.0,0.0
120,0.5390258823529411,0.522875,0.0,0.0,0.0
121,0.8918,0.8297573529411765,0.0,0.0,0.0
122,0.34610232558139536,0.37365000000000004,0.0,0.0,0.0
123,0.0,0.0,0.0,0.0,
124,0.5390258823529411,0.522875,0.0,0.0,0.0
125,0.5390258823529411,0.522875,0.0,0.0,0.0
126,0.0,0.0,0.0,0.0,
127,0.8918,0.8297573529411765,0.0,0.0,0.0
128,1.950975,2.612416666666667,0.0,0.0,0.0
129,1.950975,2.612416666666667,0.0,0.0,0.0
130,0.5390258823529411,0.522875,0.0,0.0,0.0
131,0.8918,0.8297573529411765,0.0,0.0,0.0
132,0.5390258823529411,0.522875,0.0,0.0,0.0
133,0.8918,0.8297573529411765,0.0,0.0,0.0
134,1.4157,1.4217499999999998,0.0,0.0,0.0
135,1.4157,1.4217499999999998,0.0,0.0,0.0
136,0.34610232558139536,0.37365000000000004,0.0,0.0,0.0
137,0.5390258823529411,0.522875,0.0,0.0,0.0
138,0.0,0.0,0.0,0.0,
139,0.0,0.0,0.0,0.0,
140,6.230250000000001,5.0055000000000005,0.0,0.0,0.0
141,0.8918,0.8297573529411765,0.0,0.0,0.0
142,0.8918,0.8297573529411765,0.0,0.0,0.0
143,1.2753,0.8538333333333333,0.0,0.0,0.0
144,1.950975,2.612416666666667,0.0,0.0,0.0
145,0.5390258823529411,0.522875,0.0,0.0,0.0
146,0.5390258823529411,0.522875,0.0,0.0,0.0
147,0.5390258823529411,0.522875,0.0,0.0,0.0
148,0.5390258823529411,0.522875,0.0,0.0,0.0
149,0.8918,0.8297573529411765,0.0,0.0,0.0
150,2.587764705882353,2.76125,0.0,0.0,0.0
151,0.34610232558139536,0.37365000000000004,0.0,0.0,0.0
152,0.5390258823529411,0.522875,0.0,0.0,0.0
153,0.5390258823529411,0.522875,0.0,0.0,0.0
154,6.230250000000001,5.0055000000000005,0.0,0.0,0.0
155,0.34610232558139536,0.37365000000000004,0.0,0.0,0.0
156,0.5390258823529411,0.522875,0.0,0.0,0.0
157,0.34610232558139536,0.37365000000000004,0.0,0.0,0.0
158,0.5390258823529411,0.522875,0.0,0.0,0.0
159,1.2753,0.8538333333333333,0.0,0.0,0.0
160,0.0,0.0,0.0,0.0,
161,0.5390258823529411,0.522875,0.0,0.0,0.0
162,0.5390258823529411,0.522875,0.0,0.0,0.0
163,0.34610232558139536,0.37365000000000004,0.0,0.0,0.0
164,0.8918,0.8297573529411765,0.0,0.0,0.0
165,0.0,0.0,0.0,0.0,
166,0.5390258823529411,0.522875,0.0,0.0,0.0
167,0.5390258823529411,0.522875,0.0,0.0,0.0
168,0.34610232558139536,0.37365000000000004,0.0,0.0,0.0
169,0.5390258823529411,0.522875,0.0,0.0,0.0
170,0.0,0.0,0.0,0.0,
171,0.0,0.0,0.0,0.0,
172,0.8918,0.8297573529411765,0.0,0.0,0.0
173,0.34610232558139536,0.37365000000000004,0.0,0.0,0.0
174,0.5390258823529411,0.522875,0.0,0.0,0.0
175,6.230250000000001,5.0055000000000005,0.0,0.0,0.0
176,0.5390258823529411,0.522875,0.0,0.0,0.0
177,0.34610232558139536,0.37365000000000004,0.0,0.0,0.0
178,0.8918,0.8297573529411765,0.0,0.0,0.0
179,1.9968,1.504,0.0,0.0,0.0
180,2.587764705882353,2.76125,0.0,0.0,0.0
181,0.8918,0.8297573529411765,0.0,0.0,0.0
182,0.8918,0.8297573529411765,0.0,0.0,0.0
183,0.34610232558139536,0.37365000000000004,0.0,0.0,0.0
184,0.8918,0.8297573529411765,0.0,0.0,0.0
185,0.5390258823529411,0.522875,0.0,0.0,0.0
186,0.34610232558139536,0.37365000000000004,0.0,0.0,0.0
187,0.34610232558139536,0.37365000000000004,0.0,0.0,0.0
188,0.5390258823529411,0.522875,0.0,0.0,0.0
189,0.5390258823529411,0.522875,0.0,0.0,0.0
190,0.34610232558139536,0.37365000000000004,0.0,0.0,0.0
191,1.950975,2.612416666666667,0.0,0.0,0.0
192,0.8918,0.8297573529411765,0.0,0.0,0.0
193,0.5390258823529411,0.522875,0.0,0.0,0.0
194,0.34610232558139536,0.37365000000000004,0.0,0.0,0.0
195,0.5390258823529411,0.522875,0.0,0.0,0.0
196,0.8918,0.8297573529411765,0.0,0.0,0.0
197,6.230250000000001,5.0055000000000005,0.0,0.0,0.0
198,0.8918,0.8297573529411765,0.0,0.0,0.0
199,0.8918,0.8297573529411765,0.0,0.0,0.0
200,0.0,0.0,0.0,0.0,
201,0.5390258823529411,0.522875,0.0,0.0,0.0
202,0.0,0.0,0.0,0.0,
203,0.5390258823529411,0.522875,0.0,0.0,0.0
204,0.8918,0.8297573529411765,0.0,0.0,0.0
205,0.5390258823529411,0.522875,0.0,0.0,0.0
206,0.34610232558139536,0.37365000000000004,0.0,0.0,0.0
207,0.0,0.0,0.0,0.0,
208,0.34610232558139536,0.37365000000000004,0.0,0.0,0.0
209,0.5390258823529411,0.522875,0.0,0.0,0.0
210,0.8918,0.8297573529411765,0.0,0.0,0.0
211,0.34610232558139536,0.37365000000000004,0.0,0.0,0.0
212,0.5390258823529411,0.522875,0.0,0.0,0.0
213,0.5390258823529411,0.522875,0.0,0.0,0.0
214,0.0,0.0,0.0,0.0,
215,1.950975,2.612416666666667,0.0,0.0,0.0
216,0.0,0.0,0.0,0.0,
217,0.8918,0.8297573529411765,0.0,0.0,0.0
218,0.34610232558139536,0.37365000000000004,0.0,0.0,0.0
219,0.8918,0.8297573529411765,0.0,0.0,0.0
220,0.8918,0.8297573529411765,0.0,0.0,0.0
221,0.8918,0.8297573529411765,0.0,0.0,0.0
222,0.8918,0.8297573529411765,0.0,0.0,0.0
223,1.950975,2.612416666666667,0.0,0.0,0.0
224,0.5390258823529411,0.522875,0.0,0.0,0.0
225,0.5390258823529411,0.522875,0.0,0.0,0.0
226,0.0,0.0,0.0,0.0,
227,0.5390258823529411,0.522875,0.0,0.0,0.0
228,0.5390258823529411,0.522875,0.0,0.0,0.0
229,0.5390258823529411,0.522875,0.0,0.0,0.0
230,0.34610232558139536,0.37365000000000004,0.0,0.0,0.0
231,0.5390258823529411,0.522875,0.0,0.0,0.0
232,0.8918,0.8297573529411765,0.0,0.0,0.0
233,0.0,0.0,0.0,0.0,
234,0.5390258823529411,0.522875,0.0,0.0,0.0
235,1.950975,2.612416666666667,0.0,0.0,0.0
236,0.34610232558139536,0.37365000000000004,0.0,0.0,0.0
237,0.8918,0.8297573529411765,0.0,0.0,0.0
238,0.5390258823529411,0.522875,0.0,0.0,0.0
239,0.5390258823529411,0.522875,0.0,0.0,0.0
240,0.5390258823529411,0.522875,0.0,0.0,0.0
241,0.5390258823529411,0.522875,0.0,0.0,0.0
242,0.0,0.0,0.0,0.0,
243,0.34610232558139536,0.37365000000000004,0.0,0.0,0.0
244,0.8918,0.8297573529411765,0.0,0.0,0.0
245,0.5390258823529411,0.522875,0.0,0.0,0.0
246,0.8918,0.8297573529411765,0.0,0.0,0.0
247,0.5390258823529411,0.522875,0.0,0.0,0.0
248,0.5390258823529411,0.522875,0.0,0.0,0.0
249,6.230250000000001,5.0055000000000005,0.0,0.0,0.0
250,0.5390258823529411,0.522875,0.0,0.0,0.0
251,0.8918,0.8297573529411765,0.0,0.0,0.0
252,0.8918,0.8297573529411765,0.0,0.0,0.0
253,0.8918,0.8297573529411765,0.0,0.0,0.0
254,0.5390258823529411,0.522875,0.0,0.0,0.0
255,0.8918,0.8297573529411765,0.0,0.0,0.0
256,0.5390258823529411,0.522875,0.0,0.0,0.0
257,0.5390258823529411,0.522875,0.0,0.0,0.0
258,0.5390258823529411,0.522875,0.0,0.0,0.0
259,0.8918,0.8297573529411765,0.0,0.0,0.0
260,0.5390258823529411,0.522875,0.0,0.0,0.0
261,0.0,0.0,0.0,0.0,
262,0.0,0.0,0.0,0.0,
263,0.8918,0.8297573529411765,0.0,0.0,0.0
264,0.0,0.0,0.0,0.0,
265,6.230250000000001,0.0,8.1295,0.0,0.0
266,0.5390258823529411,0.0,0.5275082352941176,0.0,0.0
267,0.8918,0.0,0.8085720588235294,0.0,0.0
268,0.8918,0.0,0.8085720588235294,0.0,0.0
269,0.5390258823529411,0.0,0.5275082352941176,0.0,0.0
270,0.34610232558139536,0.0,0.4045666666666667,0.0,0.0
271,0.0,0.0,0.0,0.0,
272,0.0,0.0,0.0,0.0,
273,0.5390258823529411,0.0,0.5275082352941176,0.0,0.0
274,0.8918,0.0,0.8085720588235294,0.0,0.0
275,0.0,0.0,0.0,0.0,
276,0.5390258823529411,0.0,0.5275082352941176,0.0,0.0
277,1.950975,0.0,1.8329160000000002,0.0,0.0
278,0.5390258823529411,0.0,0.5275082352941176,0.0,0.0
279,1.950975,0.0,1.8329160000000002,0.0,0.0
280,0.5390258823529411,0.0,0.5275082352941176,0.0,0.0
281,1.950975,0.0,1.8329160000000002,0.0,0.0
282,0.8918,0.0,0.8085720588235294,0.0,0.0
283,1.2301714285714287,0.0,2.1068,0.0,0.0
284,0.34610232558139536,0.0,0.4045666666666667,0.0,0.0
285,0.34610232558139536,0.0,0.4045666666666667,0.0,0.0
286,0.5390258823529411,0.0,0.5275082352941176,0.0,0.0
287,1.950975,0.0,1.8329160000000002,0.0,0.0
288,0.8918,0.0,0.8085720588235294,0.0,0.0
289,0.8918,0.0,0.8085720588235294,0.0,0.0
290,0.5390258823529411,0.0,0.5275082352941176,0.0,0.0
291,0.34610232558139536,0.0,0.4045666666666667,0.0,0.0
292,0.34610232558139536,0.0,0.4045666666666667,0.0,0.0
293,0.5390258823529411,0.0,0.5275082352941176,0.0,0.0
294,0.5390258823529411,0.0,0.5275082352941176,0.0,0.0
295,0.8918,0.0,0.8085720588235294,0.0,0.0
296,0.8918,0.0,0.8085720588235294,0.0,0.0
297,1.950975,0.0,1.8329160000000002,0.0,0.0
298,1.950975,0.0,1.8329160000000002,0.0,0.0
299,0.5390258823529411,0.0,0.5275082352941176,0.0,0.0
300,1.950975,0.0,1.8329160000000002,0.0,0.0
301,0.8918,0.0,0.8085720588235294,0.0,0.0
302,0.0,0.0,0.0,0.0,
303,0.8918,0.0,0.8085720588235294,0.0,0.0
304,0.34610232558139536,0.0,0.4045666666666667,0.0,0.0
305,0.5390258823529411,0.0,0.5275082352941176,0.0,0.0
306,0.8918,0.0,0.8085720588235294,0.0,0.0
307,0.8918,0.0,0.8085720588235294,0.0,0.0
308,0.5390258823529411,0.0,0.5275082352941176,0.0,0.0
309,0.34610232558139536,0.0,0.4045666666666667,0.0,0.0
310,0.8918,0.0,0.8085720588235294,0.0,0.0
311,0.8918,0.0,0.8085720588235294,0.0,0.0
312,6.230250000000001,0.0,8.1295,0.0,0.0
313,1.950975,0.0,1.8329160000000002,0.0,0.0
314,1.950975,0.0,1.8329160000000002,0.0,0.0
315,0.8918,0.0,0.8085720588235294,0.0,0.0
316,0.5390258823529411,0.0,0.5275082352941176,0.0,0.0
317,0.5390258823529411,0.0,0.5275082352941176,0.0,0.0
318,0.8918,0.0,0.8085720588235294,0.0,0.0
319,0.5390258823529411,0.0,0.5275082352941176,0.0,0.0
320,0.8918,0.0,0.8085720588235294,0.0,0.0
321,0.0,0.0,0.0,0.0,
322,0.8918,0.0,0.8085720588235294,0.0,0.0
323,1.950975,0.0,1.8329160000000002,0.0,0.0
324,0.5390258823529411,0.0,0.5275082352941176,0.0,0.0
325,0.5390258823529411,0.0,0.5275082352941176,0.0,0.0
326,0.5390258823529411,0.0,0.5275082352941176,0.0,0.0
327,0.5390258823529411,0.0,0.5275082352941176,0.0,0.0
328,0.5390258823529411,0.0,0.5275082352941176,0.0,0.0
329,0.8918,0.0,0.8085720588235294,0.0,0.0
330,0.8918,0.0,0.8085720588235294,0.0,0.0
331,0.5390258823529411,0.0,0.5275082352941176,0.0,0.0
332,0.8918,0.0,0.8085720588235294,0.0,0.0
333,0.5390258823529411,0.0,0.5275082352941176,0.0,0.0
334,1.950975,0.0,1.8329160000000002,0.0,0.0
335,0.0,0.0,0.0,0.0,
336,0.8918,0.0,0.8085720588235294,0.0,0.0
337,0.5390258823529411,0.0,0.5275082352941176,0.0,0.0
338,0.5390258823529411,0.0,0.5275082352941176,0.0,0.0
339,1.950975,0.0,1.8329160000000002,0.0,0.0
340,0.8918,0.0,0.8085720588235294,0.0,0.0
341,0.8918,0.0,0.8085720588235294,0.0,0.0
342,2.587764705882353,0.0,2.1526,0.0,0.0
343,0.8918,0.0,0.8085720588235294,0.0,0.0
344,0.8918,0.0,0.8085720588235294,0.0,0.0
345,0.5390258823529411,0.0,0.5275082352941176,0.0,0.0
346,0.8918,0.0,0.8085720588235294,0.0,0.0
347,0.8918,0.0,0.8085720588235294,0.0,0.0
348,0.8918,0.0,0.8085720588235294,0.0,0.0
349,0.5390258823529411,0.0,0.5275082352941176,0.0,0.0
350,0.5390258823529411,0.0,0.5275082352941176,0.0,0.0
351,0.5390258823529411,0.0,0.5275082352941176,0.0,0.0
352,0.0,0.0,0.0,0.0,
353,1.950975,0.0,1.8329160000000002,0.0,0.0
354,0.34610232558139536,0.0,0.4045666666666667,0.0,0.0
355,0.5390258823529411,0.0,0.5275082352941176,0.0,0.0
356,0.8918,0.0,0.8085720588235294,0.0,0.0
357,0.34610232558139536,0.0,0.4045666666666667,0.0,0.0
358,0.5390258823529411,0.0,0.5275082352941176,0.0,0.0
359,0.0,0.0,0.0,0.0,
360,0.5390258823529411,0.0,0.5275082352941176,0.0,0.0
361,0.8918,0.0,0.8085720588235294,0.0,0.0
362,0.0,0.0,0.0,0.0,
363,1.950975,0.0,1.8329160000000002,0.0,0.0
364,0.5390258823529411,0.0,0.5275082352941176,0.0,0.0
365,0.5390258823529411,0.0,0.5275082352941176,0.0,0.0
366,0.5390258823529411,0.0,0.5275082352941176,0.0,0.0
367,0.34610232558139536,0.0,0.4045666666666667,0.0,0.0
368,1.950975,0.0,1.8329160000000002,0.0,0.0
369,0.34610232558139536,0.0,0.4045666666666667,0.0,0.0
370,0.8918,0.0,0.8085720588235294,0.0,0.0
371,0.5390258823529411,0.0,0.5275082352941176,0.0,0.0
372,0.5390258823529411,0.0,0.5275082352941176,0.0,0.0
373,6.230250000000001,0.0,8.1295,0.0,0.0
374,0.34610232558139536,0.0,0.4045666666666667,0.0,0.0
375,0.8918,0.0,0.8085720588235294,0.0,0.0
376,0.5390258823529411,0.0,0.5275082352941176,0.0,0.0
377,0.0,0.0,0.0,0.0,
378,0.34610232558139536,0.0,0.4045666666666667,0.0,0.0
379,0.8918,0.0,0.8085720588235294,0.0,0.0
380,0.5390258823529411,0.0,0.5275082352941176,0.0,0.0
381,0.0,0.0,0.0,0.0,
382,0.0,0.0,0.0,0.0,
383,0.5390258823529411,0.0,0.5275082352941176,0.0,0.0
384,2.587764705882353,0.0,2.1526,0.0,0.0
385,0.5390258823529411,0.0,0.5275082352941176,0.0,0.0
386,0.5390258823529411,0.0,0.5275082352941176,0.0,0.0
387,0.8918,0.0,0.8085720588235294,0.0,0.0
388,0.34610232558139536,0.0,0.4045666666666667,0.0,0.0
389,0.5390258823529411,0.0,0.5275082352941176,0.0,0.0
390,0.8918,0.0,0.8085720588235294,0.0,0.0
391,0.8918,0.0,0.8085720588235294,0.0,0.0
392,2.587764705882353,0.0,2.1526,0.0,0.0
393,0.8918,0.0,0.8085720588235294,0.0,0.0
394,0.0,0.0,0.0,0.0,
395,0.5390258823529411,0.0,0.5275082352941176,0.0,0.0
396,1.950975,0.0,1.8329160000000002,0.0,0.0
397,0.8918,0.0,0.8085720588235294,0.0,0.0
398,0.5390258823529411,0.0,0.5275082352941176,0.0,0.0
399,0.5390258823529411,0.0,0.5275082352941176,0.0,0.0
400,0.5390258823529411,0.0,0.5275082352941176,0.0,0.0
401,1.2753,0.0,2.4961,0.0,0.0
402,0.34610232558139536,0.0,0.4045666666666667,0.0,0.0
403,0.34610232558139536,0.0,0.4045666666666667,0.0,0.0
404,0.5390258823529411,0.0,0.5275082352941176,0.0,0.0
405,0.5390258823529411,0.0,0.5275082352941176,0.0,0.0
406,0.34610232558139536,0.0,0.4045666666666667,0.0,0.0
407,1.950975,0.0,1.8329160000000002,0.0,0.0
408,0.34610232558139536,0.0,0.4045666666666667,0.0,0.0
409,1.9968,0.0,1.4656,0.0,0.0
410,0.8918,0.0,0.8085720588235294,0.0,0.0
411,0.34610232558139536,0.0,0.4045666666666667,0.0,0.0
412,0.5390258823529411,0.0,0.5275082352941176,0.0,0.0
413,1.950975,0.0,1.8329160000000002,0.0,0.0
414,0.34610232558139536,0.0,0.4045666666666667,0.0,0.0
415,0.5390258823529411,0.0,0.5275082352941176,0.0,0.0
416,0.5390258823529411,0.0,0.5275082352941176,0.0,0.0
417,0.8918,0.0,0.8085720588235294,0.0,0.0
418,0.5390258823529411,0.0,0.5275082352941176,0.0,0.0
419,0.5390258823529411,0.0,0.5275082352941176,0.0,0.0
420,0.8918,0.0,0.8085720588235294,0.0,0.0
421,1.950975,0.0,1.8329160000000002,0.0,0.0
422,0.5390258823529411,0.0,0.5275082352941176,0.0,0.0
423,0.8918,0.0,0.8085720588235294,0.0,0.0
424,0.5390258823529411,0.0,0.5275082352941176,0.0,0.0
425,0.5390258823529411,0.0,0.5275082352941176,0.0,0.0
426,0.5390258823529411,0.0,0.5275082352941176,0.0,0.0
427,1.950975,0.0,1.8329160000000002,0.0,0.0
428,0.0,0.0,0.0,0.0,
429,0.5390258823529411,0.0,0.5275082352941176,0.0,0.0
430,0.8918,0.0,0.8085720588235294,0.0,0.0
431,0.5390258823529411,0.0,0.5275082352941176,0.0,0.0
432,0.34610232558139536,0.0,0.4045666666666667,0.0,0.0
433,0.0,0.0,0.0,0.0,
434,0.8918,0.0,0.8085720588235294,0.0,0.0
435,0.8918,0.0,0.8085720588235294,0.0,0.0
436,0.8918,0.0,0.8085720588235294,0.0,0.0
437,0.34610232558139536,0.0,0.4045666666666667,0.0,0.0
438,0.5390258823529411,0.0,0.5275082352941176,0.0,0.0
439,0.34610232558139536,0.0,0.4045666666666667,0.0,0.0
440,0.5390258823529411,0.0,0.5275082352941176,0.0,0.0
441,0.5390258823529411,0.0,0.5275082352941176,0.0,0.0
442,0.0,0.0,0.0,0.0,
443,0.5390258823529411,0.0,0.5275082352941176,0.0,0.0
444,0.34610232558139536,0.0,0.4045666666666667,0.0,0.0
445,0.34610232558139536,0.0,0.4045666666666667,0.0,0.0
446,0.8918,0.0,0.8085720588235294,0.0,0.0
447,0.5390258823529411,0.0,0.5275082352941176,0.0,0.0
448,0.0,0.0,0.0,0.0,
449,0.8918,0.0,0.8085720588235294,0.0,0.0
450,0.5390258823529411,0.0,0.5275082352941176,0.0,0.0
451,0.8918,0.0,0.8085720588235294,0.0,0.0
452,0.5390258823529411,0.0,0.5275082352941176,0.0,0.0
453,0.0,0.0,0.0,0.0,
454,1.950975,0.0,1.8329160000000002,0.0,0.0
455,0.8918,0.0,0.8085720588235294,0.0,0.0
456,0.8918,0.0,0.8085720588235294,0.0,0.0
457,1.950975,0.0,1.8329160000000002,0.0,0.0
458,0.5390258823529411,0.0,0.5275082352941176,0.0,0.0
459,0.5390258823529411,0.0,0.5275082352941176,0.0,0.0
460,1.950975,0.0,1.8329160000000002,0.0,0.0
461,0.0,0.0,0.0,0.0,
462,0.0,0.0,0.0,0.0,
463,0.8918,0.0,0.8085720588235294,0.0,0.0
464,0.5390258823529411,0.0,0.5275082352941176,0.0,0.0
465,0.5390258823529411,0.0,0.5275082352941176,0.0,0.0
466,1.950975,0.0,1.8329160000000002,0.0,0.0
467,0.5390258823529411,0.0,0.5275082352941176,0.0,0.0
468,0.8918,0.0,0.8085720588235294,0.0,0.0
469,0.8918,0.0,0.8085720588235294,0.0,0.0
470,0.8918,0.0,0.8085720588235294,0.0,0.0
471,0.5390258823529411,0.0,0.5275082352941176,0.0,0.0
472,0.5390258823529411,0.0,0.5275082352941176,0.0,0.0
473,0.34610232558139536,0.0,0.4045666666666667,0.0,0.0
474,0.5390258823529411,0.0,0.5275082352941176,0.0,0.0
475,2.587764705882353,0.0,2.1526,0.0,0.0
476,0.5390258823529411,0.0,0.5275082352941176,0.0,0.0
477,0.5390258823529411,0.0,0.5275082352941176,0.0,0.0
478,0.34610232558139536,0.0,0.4045666666666667,0.0,0.0
479,0.34610232558139536,0.0,0.4045666666666667,0.0,0.0
480,0.34610232558139536,0.0,0.4045666666666667,0.0,0.0
481,0.0,0.0,0.0,0.0,
482,0.8918,0.0,0.8085720588235294,0.0,0.0
483,0.8918,0.0,0.8085720588235294,0.0,0.0
484,0.8918,0.0,0.8085720588235294,0.0,0.0
485,0.34610232558139536,0.0,0.4045666666666667,0.0,0.0
486,0.0,0.0,0.0,0.0,
487,0.8918,0.0,0.8085720588235294,0.0,0.0
488,0.8918,0.0,0.8085720588235294,0.0,0.0
489,6.230250000000001,0.0,8.1295,0.0,0.0
490,0.5390258823529411,0.0,0.5275082352941176,0.0,0.0
491,0.0,0.0,0.0,0.0,
492,1.950975,0.0,1.8329160000000002,0.0,0.0
493,0.8918,0.0,0.8085720588235294,0.0,0.0
494,0.8918,0.0,0.8085720588235294,0.0,0.0
495,0.0,0.0,0.0,0.0,
496,0.34610232558139536,0.0,0.4045666666666667,0.0,0.0
497,0.5390258823529411,0.0,0.5275082352941176,0.0,0.0
498,1.4157,0.0,2.7708999999999997,0.0,0.0
499,0.34610232558139536,0.0,0.4045666666666667,0.0,0.0
500,0.34610232558139536,0.0,0.4045666666666667,0.0,0.0
501,0.8918,0.0,0.8085720588235294,0.0,0.0
502,6.230250000000001,0.0,8.1295,0.0,0.0
503,0.34610232558139536,0.0,0.4045666666666667,0.0,0.0
504,0.5390258823529411,0.0,0.5275082352941176,0.0,0.0
505,0.0,0.0,0.0,0.0,
506,0.5390258823529411,0.0,0.5275082352941176,0.0,0.0
507,0.8918,0.0,0.8085720588235294,0.0,0.0
508,0.8918,0.0,0.8085720588235294,0.0,0.0
509,0.8918,0.0,0.8085720588235294,0.0,0.0
510,0.5390258823529411,0.0,0.5275082352941176,0.0,0.0
511,0.5390258823529411,0.0,0.5275082352941176,0.0,0.0
512,0.5390258823529411,0.0,0.5275082352941176,0.0,0.0
513,0.8918,0.0,0.8085720588235294,0.0,0.0
514,6.230250000000001,0.0,8.1295,0.0,0.0
515,0.0,0.0,0.0,0.0,
516,0.0,0.0,0.0,0.0,
517,0.0,0.0,0.0,0.0,
518,0.0,0.0,0.0,0.0,
519,0.0,0.0,0.0,0.0,
520,0.0,0.0,0.0,0.0,
521,0.0,0.0,0.0,0.0,
522,0.0,0.0,0.0,0.0,
523,0.5390258823529411,0.0,0.5275082352941176,0.0,0.0
524,0.34610232558139536,0.0,0.4045666666666667,0.0,0.0
525,2.587764705882353,0.0,2.1526,0.0,0.0
526,0.34610232558139536,0.0,0.4045666666666667,0.0,0.0
527,0.5390258823529411,0.0,0.0,0.6062722891566265,0.0
528,0.34610232558139536,0.0,0.0,0.3026888888888889,0.0
529,0.8918,0.0,0.0,0.9349348484848485,0.0
530,0.8918,0.0,0.0,0.9349348484848485,0.0
531,0.8918,0.0,0.0,0.9349348484848485,0.0
532,0.8918,0.0,0.0,0.9349348484848485,0.0
533,0.8918,0.0,0.0,0.9349348484848485,0.0
534,0.5390258823529411,0.0,0.0,0.6062722891566265,0.0
535,1.950975,0.0,0.0,1.7141900000000003,0.0
536,0.0,0.0,0.0,0.0,
537,0.5390258823529411,0.0,0.0,0.6062722891566265,0.0
538,2.587764705882353,0.0,0.0,3.01975,0.0
539,0.8918,0.0,0.0,0.9349348484848485,0.0
540,0.8918,0.0,0.0,0.9349348484848485,0.0
541,0.34610232558139536,0.0,0.0,0.3026888888888889,0.0
542,0.34610232558139536,0.0,0.0,0.3026888888888889,0.0
543,0.5390258823529411,0.0,0.0,0.6062722891566265,0.0
544,0.34610232558139536,0.0,0.0,0.3026888888888889,0.0
545,1.950975,0.0,0.0,1.7141900000000003,0.0
546,1.950975,0.0,0.0,1.7141900000000003,0.0
547,1.950975,0.0,0.0,1.7141900000000003,0.0
548,0.8918,0.0,0.0,0.9349348484848485,0.0
549,0.5390258823529411,0.0,0.0,0.6062722891566265,0.0
550,0.0,0.0,0.0,0.0,
551,0.8918,0.0,0.0,0.9349348484848485,0.0
552,1.2753,0.0,0.0,0.9337666666666666,0.0
553,0.0,0.0,0.0,0.0,
554,0.0,0.0,0.0,0.0,
555,0.5390258823529411,0.0,0.0,0.6062722891566265,0.0
556,0.34610232558139536,0.0,0.0,0.3026888888888889,0.0
557,0.34610232558139536,0.0,0.0,0.3026888888888889,0.0
558,0.34610232558139536,0.0,0.0,0.3026888888888889,0.0
559,1.950975,0.0,0.0,1.7141900000000003,0.0
560,6.230250000000001,0.0,0.0,5.4741,0.0
561,6.230250000000001,0.0,0.0,5.4741,0.0
562,0.5390258823529411,0.0,0.0,0.6062722891566265,0.0
563,0.0,0.0,0.0,0.0,
564,0.34610232558139536,0.0,0.0,0.3026888888888889,0.0
565,2.587764705882353,0.0,0.0,3.01975,0.0
566,0.0,0.0,0.0,0.0,
567,0.0,0.0,0.0,0.0,
568,0.34610232558139536,0.0,0.0,0.3026888888888889,0.0
569,0.5390258823529411,0.0,0.0,0.6062722891566265,0.0
570,0.5390258823529411,0.0,0.0,0.6062722891566265,0.0
571,0.8918,0.0,0.0,0.9349348484848485,0.0
572,0.5390258823529411,0.0,0.0,0.6062722891566265,0.0
573,0.0,0.0,0.0,0.0,
574,0.5390258823529411,0.0,0.0,0.6062722891566265,0.0
575,0.5390258823529411,0.0,0.0,0.6062722891566265,0.0
576,0.34610232558139536,0.0,0.0,0.3026888888888889,0.0
577,0.8918,0.0,0.0,0.9349348484848485,0.0
578,0.8918,0.0,0.0,0.9349348484848485,0.0
579,0.5390258823529411,0.0,0.0,0.6062722891566265,0.0
580,1.950975,0.0,0.0,1.7141900000000003,0.0
581,0.5390258823529411,0.0,0.0,0.6062722891566265,0.0
582,0.34610232558139536,0.0,0.0,0.3026888888888889,0.0
583,0.5390258823529411,0.0,0.0,0.6062722891566265,0.0
584,0.8918,0.0,0.0,0.9349348484848485,0.0
585,0.34610232558139536,0.0,0.0,0.3026888888888889,0.0
586,1.950975,0.0,0.0,1.7141900000000003,0.0
587,0.34610232558139536,0.0,0.0,0.3026888888888889,0.0
588,0.34610232558139536,0.0,0.0,0.3026888888888889,0.0
589,0.5390258823529411,0.0,0.0,0.6062722891566265,0.0
590,0.8918,0.0,0.0,0.9349348484848485,0.0
591,0.5390258823529411,0.0,0.0,0.6062722891566265,0.0
592,0.5390258823529411,0.0,0.0,0.6062722891566265,0.0
593,0.8918,0.0,0.0,0.9349348484848485,0.0
594,0.8918,0.0,0.0,0.9349348484848485,0.0
595,0.34610232558139536,0.0,0.0,0.3026888888888889,0.0
596,0.5390258823529411,0.0,0.0,0.6062722891566265,0.0
597,0.8918,0.0,0.0,0.9349348484848485,0.0
598,0.5390258823529411,0.0,0.0,0.6062722891566265,0.0
599,0.5390258823529411,0.0,0.0,0.6062722891566265,0.0
600,0.0,0.0,0.0,0.0,
601,1.950975,0.0,0.0,1.7141900000000003,0.0
602,0.34610232558139536,0.0,0.0,0.3026888888888889,0.0
603,0.8918,0.0,0.0,0.9349348484848485,0.0
604,0.0,0.0,0.0,0.0,
605,0.34610232558139536,0.0,0.0,0.3026888888888889,0.0
606,0.0,0.0,0.0,0.0,
607,0.5390258823529411,0.0,0.0,0.6062722891566265,0.0
608,1.950975,0.0,0.0,1.7141900000000003,0.0
609,1.2753,0.0,0.0,0.9337666666666666,0.0
610,0.5390258823529411,0.0,0.0,0.6062722891566265,0.0
611,2.587764705882353,0.0,0.0,3.01975,0.0
612,1.950975,0.0,0.0,1.7141900000000003,0.0
613,0.5390258823529411,0.0,0.0,0.6062722891566265,0.0
614,0.5390258823529411,0.0,0.0,0.6062722891566265,0.0
615,0.34610232558139536,0.0,0.0,0.3026888888888889,0.0
616,1.950975,0.0,0.0,1.7141900000000003,0.0
617,0.8918,0.0,0.0,0.9349348484848485,0.0
618,0.8918,0.0,0.0,0.9349348484848485,0.0
619,1.950975,0.0,0.0,1.7141900000000003,0.0
620,1.950975,0.0,0.0,1.7141900000000003,0.0
621,0.34610232558139536,0.0,0.0,0.3026888888888889,0.0
622,0.34610232558139536,0.0,0.0,0.3026888888888889,0.0
623,1.2301714285714287,0.0,0.0,1.1822000000000001,0.0
624,1.950975,0.0,0.0,1.7141900000000003,0.0
625,0.5390258823529411,0.0,0.0,0.6062722891566265,0.0
626,0.34610232558139536,0.0,0.0,0.3026888888888889,0.0
627,0.8918,0.0,0.0,0.9349348484848485,0.0
628,0.5390258823529411,0.0,0.0,0.6062722891566265,0.0
629,0.0,0.0,0.0,0.0,
630,0.0,0.0,0.0,0.0,
631,0.34610232558139536,0.0,0.0,0.3026888888888889,0.0
632,0.5390258823529411,0.0,0.0,0.6062722891566265,0.0
633,0.5390258823529411,0.0,0.0,0.6062722891566265,0.0
634,6.230250000000001,0.0,0.0,5.4741,0.0
635,0.8918,0.0,0.0,0.9349348484848485,0.0
636,0.5390258823529411,0.0,0.0,0.6062722891566265,0.0
637,0.8918,0.0,0.0,0.9349348484848485,0.0
638,1.950975,0.0,0.0,1.7141900000000003,0.0
639,0.8918,0.0,0.0,0.9349348484848485,0.0
640,0.5390258823529411,0.0,0.0,0.6062722891566265,0.0
641,0.5390258823529411,0.0,0.0,0.6062722891566265,0.0
642,6.230250000000001,0.0,0.0,5.4741,0.0
643,0.0,0.0,0.0,0.0,
644,0.8918,0.0,0.0,0.9349348484848485,0.0
645,0.8918,0.0,0.0,0.9349348484848485,0.0
646,0.8918,0.0,0.0,0.9349348484848485,0.0
647,0.0,0.0,0.0,0.0,
648,0.0,0.0,0.0,0.0,
649,1.2301714285714287,0.0,0.0,1.1822000000000001,0.0
650,0.0,0.0,0.0,0.0,
651,0.34610232558139536,0.0,0.0,0.3026888888888889,0.0
652,0.5390258823529411,0.0,0.0,0.6062722891566265,0.0
653,0.34610232558139536,0.0,0.0,0.3026888888888889,0.0
654,0.5390258823529411,0.0,0.0,0.6062722891566265,0.0
655,0.8918,0.0,0.0,0.9349348484848485,0.0
656,0.8918,0.0,0.0,0.9349348484848485,0.0
657,0.34610232558139536,0.0,0.0,0.3026888888888889,0.0
658,1.950975,0.0,0.0,1.7141900000000003,0.0
659,0.8918,0.0,0.0,0.9349348484848485,0.0
660,0.34610232558139536,0.0,0.0,0.3026888888888889,0.0
661,0.0,0.0,0.0,0.0,
662,0.5390258823529411,0.0,0.0,0.6062722891566265,0.0
663,0.0,0.0,0.0,0.0,
664,0.5390258823529411,0.0,0.0,0.6062722891566265,0.0
665,1.950975,0.0,0.0,1.7141900000000003,0.0
666,0.5390258823529411,0.0,0.0,0.6062722891566265,0.0
667,0.8918,0.0,0.0,0.9349348484848485,0.0
668,0.8918,0.0,0.0,0.9349348484848485,0.0
669,0.0,0.0,0.0,0.0,
670,0.8918,0.0,0.0,0.9349348484848485,0.0
671,0.0,0.0,0.0,0.0,
672,0.5390258823529411,0.0,0.0,0.6062722891566265,0.0
673,0.5390258823529411,0.0,0.0,0.6062722891566265,0.0
674,0.8918,0.0,0.0,0.9349348484848485,0.0
675,0.5390258823529411,0.0,0.0,0.6062722891566265,0.0
676,0.8918,0.0,0.0,0.9349348484848485,0.0
677,0.8918,0.0,0.0,0.9349348484848485,0.0
678,0.8918,0.0,0.0,0.9349348484848485,0.0
679,0.5390258823529411,0.0,0.0,0.6062722891566265,0.0
680,1.4157,0.0,0.0,0.7774249999999999,0.0
681,0.5390258823529411,0.0,0.0,0.6062722891566265,0.0
682,0.34610232558139536,0.0,0.0,0.3026888888888889,0.0
683,1.950975,0.0,0.0,1.7141900000000003,0.0
684,1.950975,0.0,0.0,1.7141900000000003,0.0
685,0.5390258823529411,0.0,0.0,0.6062722891566265,0.0
686,0.5390258823529411,0.0,0.0,0.6062722891566265,0.0
687,0.34610232558139536,0.0,0.0,0.3026888888888889,0.0
688,0.5390258823529411,0.0,0.0,0.6062722891566265,0.0
689,0.34610232558139536,0.0,0.0,0.3026888888888889,0.0
690,1.4157,0.0,0.0,0.7774249999999999,0.0
691,0.34610232558139536,0.0,0.0,0.3026888888888889,0.0
692,0.5390258823529411,0.0,0.0,0.6062722891566265,0.0
693,0.5390258823529411,0.0,0.0,0.6062722891566265,0.0
694,1.2753,0.0,0.0,0.9337666666666666,0.0
695,0.34610232558139536,0.0,0.0,0.3026888888888889,0.0
696,1.4157,0.0,0.0,0.7774249999999999,0.0
697,0.0,0.0,0.0,0.0,
698,0.5390258823529411,0.0,0.0,0.6062722891566265,0.0
699,1.9968,0.0,0.0,1.6448,0.0
700,1.950975,0.0,0.0,1.7141900000000003,0.0
701,0.5390258823529411,0.0,0.0,0.6062722891566265,0.0
702,0.5390258823529411,0.0,0.0,0.6062722891566265,0.0
703,1.950975,0.0,0.0,1.7141900000000003,0.0
704,0.5390258823529411,0.0,0.0,0.6062722891566265,0.0
705,0.34610232558139536,0.0,0.0,0.3026888888888889,0.0
706,0.0,0.0,0.0,0.0,
707,0.5390258823529411,0.0,0.0,0.6062722891566265,0.0
708,0.5390258823529411,0.0,0.0,0.6062722891566265,0.0
709,0.8918,0.0,0.0,0.9349348484848485,0.0
710,0.0,0.0,0.0,0.0,
711,0.8918,0.0,0.0,0.9349348484848485,0.0
712,0.8918,0.0,0.0,0.9349348484848485,0.0
713,0.8918,0.0,0.0,0.9349348484848485,0.0
714,0.8918,0.0,0.0,0.9349348484848485,0.0
715,0.0,0.0,0.0,0.0,
716,0.5390258823529411,0.0,0.0,0.6062722891566265,0.0
717,0.34610232558139536,0.0,0.0,0.3026888888888889,0.0
718,1.950975,0.0,0.0,1.7141900000000003,0.0
719,0.8918,0.0,0.0,0.9349348484848485,0.0
720,0.8918,0.0,0.0,0.9349348484848485,0.0
721,0.34610232558139536,0.0,0.0,0.3026888888888889,0.0
722,6.230250000000001,0.0,0.0,5.4741,0.0
723,0.0,0.0,0.0,0.0,
724,0.8918,0.0,0.0,0.9349348484848485,0.0
725,0.34610232558139536,0.0,0.0,0.3026888888888889,0.0
726,0.8918,0.0,0.0,0.9349348484848485,0.0
727,0.34610232558139536,0.0,0.0,0.3026888888888889,0.0
728,0.34610232558139536,0.0,0.0,0.3026888888888889,0.0
729,0.8918,0.0,0.0,0.9349348484848485,0.0
730,0.34610232558139536,0.0,0.0,0.3026888888888889,0.0
731,0.8918,0.0,0.0,0.9349348484848485,0.0
732,0.0,0.0,0.0,0.0,
733,0.5390258823529411,0.0,0.0,0.6062722891566265,0.0
734,1.950975,0.0,0.0,1.7141900000000003,0.0
735,0.8918,0.0,0.0,0.9349348484848485,0.0
736,0.34610232558139536,0.0,0.0,0.3026888888888889,0.0
737,0.0,0.0,0.0,0.0,
738,0.8918,0.0,0.0,0.9349348484848485,0.0
739,0.5390258823529411,0.0,0.0,0.6062722891566265,0.0
740,0.8918,0.0,0.0,0.9349348484848485,0.0
741,6.230250000000001,0.0,0.0,5.4741,0.0
742,6.230250000000001,0.0,0.0,5.4741,0.0
743,0.5390258823529411,0.0,0.0,0.6062722891566265,0.0
744,0.8918,0.0,0.0,0.9349348484848485,0.0
745,0.34610232558139536,0.0,0.0,0.3026888888888889,0.0
746,0.5390258823529411,0.0,0.0,0.6062722891566265,0.0
747,0.5390258823529411,0.0,0.0,0.6062722891566265,0.0
748,6.230250000000001,0.0,0.0,5.4741,0.0
749,0.34610232558139536,0.0,0.0,0.3026888888888889,0.0
750,0.34610232558139536,0.0,0.0,0.3026888888888889,0.0
751,0.0,0.0,0.0,0.0,
752,0.34610232558139536,0.0,0.0,0.3026888888888889,0.0
753,0.5390258823529411,0.0,0.0,0.6062722891566265,0.0
754,0.8918,0.0,0.0,0.9349348484848485,0.0
755,0.8918,0.0,0.0,0.9349348484848485,0.0
756,0.0,0.0,0.0,0.0,
757,0.8918,0.0,0.0,0.9349348484848485,0.0
758,0.34610232558139536,0.0,0.0,0.3026888888888889,0.0
759,0.5390258823529411,0.0,0.0,0.6062722891566265,0.0
760,0.5390258823529411,0.0,0.0,0.6062722891566265,0.0
761,0.0,0.0,0.0,0.0,
762,0.0,0.0,0.0,0.0,
763,0.5390258823529411,0.0,0.0,0.6062722891566265,0.0
764,0.0,0.0,0.0,0.0,
765,0.5390258823529411,0.0,0.0,0.6062722891566265,0.0
766,0.0,0.0,0.0,0.0,
767,0.34610232558139536,0.0,0.0,0.3026888888888889,0.0
768,0.0,0.0,0.0,0.0,
769,1.950975,0.0,0.0,1.7141900000000003,0.0
770,0.0,0.0,0.0,0.0,
771,1.950975,0.0,0.0,1.7141900000000003,0.0
772,0.5390258823529411,0.0,0.0,0.6062722891566265,0.0
773,0.5390258823529411,0.0,0.0,0.6062722891566265,0.0
774,0.8918,0.0,0.0,0.9349348484848485,0.0
775,0.34610232558139536,0.0,0.0,0.3026888888888889,0.0
776,0.8918,0.0,0.0,0.9349348484848485,0.0
777,0.8918,0.0,0.0,0.9349348484848485,0.0
778,1.4157,0.0,0.0,0.7774249999999999,0.0
779,0.8918,0.0,0.0,0.9349348484848485,0.0
780,0.34610232558139536,0.0,0.0,0.3026888888888889,0.0
781,2.587764705882353,0.0,0.0,3.01975,0.0
782,1.950975,0.0,0.0,1.7141900000000003,0.0
783,6.230250000000001,0.0,0.0,5.4741,0.0
784,0.34610232558139536,0.0,0.0,0.3026888888888889,0.0
785,0.34610232558139536,0.0,0.0,0.3026888888888889,0.0
786,0.34610232558139536,0.0,0.0,0.3026888888888889,0.0
787,0.5390258823529411,0.0,0.0,0.6062722891566265,0.0
788,0.34610232558139536,0.0,0.0,0.3026888888888889,0.0
789,1.950975,0.0,0.0,1.7141900000000003,0.0
790,0.8918,0.0,0.0,0.9349348484848485,0.0
791,0.8918,0.0,0.0,0.9349348484848485,0.0
792,0.5390258823529411,0.0,0.0,0.6062722891566265,0.0
793,0.8918,0.0,0.0,0.9349348484848485,0.0
794,0.5390258823529411,0.0,0.0,0.6062722891566265,0.0
795,0.0,0.0,0.0,0.0,
796,0.5390258823529411,0.0,0.0,0.6062722891566265,0.0
797,0.5390258823529411,0.0,0.0,0.6062722891566265,0.0
798,0.5390258823529411,0.0,0.0,0.6062722891566265,0.0
799,0.8918,0.0,0.0,0.9349348484848485,0.0
800,0.34610232558139536,0.0,0.0,0.3026888888888889,0.0
801,0.0,0.0,0.0,0.0,
802,0.5390258823529411,0.0,0.0,0.6062722891566265,0.0
803,0.5390258823529411,0.0,0.0,0.6062722891566265,0.0
804,0.5390258823529411,0.0,0.0,0.6062722891566265,0.0
805,6.230250000000001,0.0,0.0,5.4741,0.0
806,0.5390258823529411,0.0,0.0,0.6062722891566265,0.0
807,0.8918,0.0,0.0,0.9349348484848485,0.0
808,1.950975,0.0,0.0,1.7141900000000003,0.0
809,0.34610232558139536,0.0,0.0,0.3026888888888889,0.0
810,0.8918,0.0,0.0,0.9349348484848485,0.0
811,0.5390258823529411,0.0,0.0,0.6062722891566265,0.0
812,0.0,0.0,0.0,0.0,
813,0.5390258823529411,0.0,0.0,0.6062722891566265,0.0
814,0.8918,0.0,0.0,0.9349348484848485,0.0
815,0.5390258823529411,0.0,0.0,0.6062722891566265,0.0
816,0.5390258823529411,0.0,0.0,0.6062722891566265,0.0
817,1.950975,0.0,0.0,1.7141900000000003,0.0
818,0.5390258823529411,0.0,0.0,0.6062722891566265,0.0
819,0.5390258823529411,0.0,0.0,0.6062722891566265,0.0
820,0.5390258823529411,0.0,0.0,0.6062722891566265,0.0
821,1.950975,0.0,0.0,1.7141900000000003,0.0
822,0.34610232558139536,0.0,0.0,0.3026888888888889,0.0
823,0.0,0.0,0.0,0.0,
824,0.5390258823529411,0.0,0.0,0.0,0.5011547619047619
825,0.8918,0.0,0.0,0.0,1.0324300000000002
826,0.34610232558139536,0.0,0.0,0.0,0.3255714285714286
827,2.587764705882353,0.0,0.0,0.0,2.52625
828,0.0,0.0,0.0,0.0,
829,0.34610232558139536,0.0,0.0,0.0,0.3255714285714286
830,0.5390258823529411,0.0,0.0,0.0,0.5011547619047619
831,0.0,0.0,0.0,0.0,
832,1.2301714285714287,0.0,0.0,0.0,0.6593333333333333
833,0.34610232558139536,0.0,0.0,0.0,0.3255714285714286
834,0.5390258823529411,0.0,0.0,0.0,0.5011547619047619
835,0.8918,0.0,0.0,0.0,1.0324300000000002
836,0.8918,0.0,0.0,0.0,1.0324300000000002
837,0.8918,0.0,0.0,0.0,1.0324300000000002
838,0.34610232558139536,0.0,0.0,0.0,0.3255714285714286
839,1.950975,0.0,0.0,0.0,1.8705000000000003
840,0.8918,0.0,0.0,0.0,1.0324300000000002
841,0.8918,0.0,0.0,0.0,1.0324300000000002
842,0.34610232558139536,0.0,0.0,0.0,0.3255714285714286
843,0.5390258823529411,0.0,0.0,0.0,0.5011547619047619
844,0.8918,0.0,0.0,0.0,1.0324300000000002
845,0.5390258823529411,0.0,0.0,0.0,0.5011547619047619
846,0.8918,0.0,0.0,0.0,1.0324300000000002
847,0.0,0.0,0.0,0.0,
848,1.2301714285714287,0.0,0.0,0.0,0.6593333333333333
849,0.5390258823529411,0.0,0.0,0.0,0.5011547619047619
850,0.34610232558139536,0.0,0.0,0.0,0.3255714285714286
851,0.8918,0.0,0.0,0.0,1.0324300000000002
852,0.0,0.0,0.0,0.0,
853,0.34610232558139536,0.0,0.0,0.0,0.3255714285714286
854,0.8918,0.0,0.0,0.0,1.0324300000000002
855,0.0,0.0,0.0,0.0,
856,0.5390258823529411,0.0,0.0,0.0,0.5011547619047619
857,0.0,0.0,0.0,0.0,
858,1.950975,0.0,0.0,0.0,1.8705000000000003
859,0.8918,0.0,0.0,0.0,1.0324300000000002
860,0.8918,0.0,0.0,0.0,1.0324300000000002
861,0.5390258823529411,0.0,0.0,0.0,0.5011547619047619
862,0.34610232558139536,0.0,0.0,0.0,0.3255714285714286
863,0.5390258823529411,0.0,0.0,0.0,0.5011547619047619
864,0.0,0.0,0.0,0.0,
865,6.230250000000001,0.0,0.0,0.0,7.6325
866,6.230250000000001,0.0,0.0,0.0,7.6325
867,0.8918,0.0,0.0,0.0,1.0324300000000002
868,0.34610232558139536,0.0,0.0,0.0,0.3255714285714286
869,0.8918,0.0,0.0,0.0,1.0324300000000002
870,0.8918,0.0,0.0,0.0,1.0324300000000002
871,0.8918,0.0,0.0,0.0,1.0324300000000002
872,0.5390258823529411,0.0,0.0,0.0,0.5011547619047619
873,0.8918,0.0,0.0,0.0,1.0324300000000002
874,0.5390258823529411,0.0,0.0,0.0,0.5011547619047619
875,0.5390258823529411,0.0,0.0,0.0,0.5011547619047619
876,6.230250000000001,0.0,0.0,0.0,7.6325
877,0.5390258823529411,0.0,0.0,0.0,0.5011547619047619
878,0.5390258823529411,0.0,0.0,0.0,0.5011547619047619
879,1.950975,0.0,0.0,0.0,1.8705000000000003
880,0.34610232558139536,0.0,0.0,0.0,0.3255714285714286
881,1.2301714285714287,0.0,0.0,0.0,0.6593333333333333
882,0.5390258823529411,0.0,0.0,0.0,0.5011547619047619
883,0.8918,0.0,0.0,0.0,1.0324300000000002
884,0.8918,0.0,0.0,0.0,1.0324300000000002
885,0.5390258823529411,0.0,0.0,0.0,0.5011547619047619
886,0.5390258823529411,0.0,0.0,0.0,0.5011547619047619
887,0.8918,0.0,0.0,0.0,1.0324300000000002
888,0.8918,0.0,0.0,0.0,1.0324300000000002
889,0.34610232558139536,0.0,0.0,0.0,0.3255714285714286
890,0.8918,0.0,0.0,0.0,1.0324300000000002
891,1.950975,0.0,0.0,0.0,1.8705000000000003
892,0.5390258823529411,0.0,0.0,0.0,0.5011547619047619
893,0.5390258823529411,0.0,0.0,0.0,0.5011547619047619
894,1.950975,0.0,0.0,0.0,1.8705000000000003
895,0.5390258823529411,0.0,0.0,0.0,0.5011547619047619
896,0.5390258823529411,0.0,0.0,0.0,0.5011547619047619
897,1.950975,0.0,0.0,0.0,1.8705000000000003
898,0.5390258823529411,0.0,0.0,0.0,0.5011547619047619
899,0.8918,0.0,0.0,0.0,1.0324300000000002
900,0.5390258823529411,0.0,0.0,0.0,0.5011547619047619
901,1.4157,0.0,0.0,0.0,2.6015
902,0.0,0.0,0.0,0.0,
903,0.34610232558139536,0.0,0.0,0.0,0.3255714285714286
904,0.0,0.0,0.0,0.0,
905,0.8918,0.0,0.0,0.0,1.0324300000000002
906,0.0,0.0,0.0,0.0,
907,0.0,0.0,0.0,0.0,
908,0.8918,0.0,0.0,0.0,1.0324300000000002
909,0.8918,0.0,0.0,0.0,1.0324300000000002
910,0.5390258823529411,0.0,0.0,0.0,0.5011547619047619
911,0.8918,0.0,0.0,0.0,1.0324300000000002
912,0.0,0.0,0.0,0.0,
913,0.5390258823529411,0.0,0.0,0.0,0.5011547619047619
914,0.34610232558139536,0.0,0.0,0.0,0.3255714285714286
915,0.0,0.0,0.0,0.0,
916,0.0,0.0,0.0,0.0,
917,0.34610232558139536,0.0,0.0,0.0,0.3255714285714286
918,0.34610232558139536,0.0,0.0,0.0,0.3255714285714286
919,0.34610232558139536,0.0,0.0,0.0,0.3255714285714286
920,0.5390258823529411,0.0,0.0,0.0,0.5011547619047619
921,0.5390258823529411,0.0,0.0,0.0,0.5011547619047619
922,0.5390258823529411,0.0,0.0,0.0,0.5011547619047619
923,0.5390258823529411,0.0,0.0,0.0,0.5011547619047619
924,0.34610232558139536,0.0,0.0,0.0,0.3255714285714286
925,0.5390258823529411,0.0,0.0,0.0,0.5011547619047619
926,1.950975,0.0,0.0,0.0,1.8705000000000003
927,0.34610232558139536,0.0,0.0,0.0,0.3255714285714286
928,1.6848,0.0,0.0,0.0,0.387
929,0.34610232558139536,0.0,0.0,0.0,0.3255714285714286
930,0.5390258823529411,0.0,0.0,0.0,0.5011547619047619
931,0.0,0.0,0.0,0.0,
932,0.5390258823529411,0.0,0.0,0.0,0.5011547619047619
933,0.34610232558139536,0.0,0.0,0.0,0.3255714285714286
934,0.5390258823529411,0.0,0.0,0.0,0.5011547619047619
935,0.5390258823529411,0.0,0.0,0.0,0.5011547619047619
936,0.5390258823529411,0.0,0.0,0.0,0.5011547619047619
937,0.5390258823529411,0.0,0.0,0.0,0.5011547619047619
938,0.34610232558139536,0.0,0.0,0.0,0.3255714285714286
939,0.5390258823529411,0.0,0.0,0.0,0.5011547619047619
940,0.0,0.0,0.0,0.0,
941,0.34610232558139536,0.0,0.0,0.0,0.3255714285714286
942,0.34610232558139536,0.0,0.0,0.0,0.3255714285714286
943,2.587764705882353,0.0,0.0,0.0,2.52625
944,0.34610232558139536,0.0,0.0,0.0,0.3255714285714286
945,0.5390258823529411,0.0,0.0,0.0,0.5011547619047619
946,0.5390258823529411,0.0,0.0,0.0,0.5011547619047619
947,0.5390258823529411,0.0,0.0,0.0,0.5011547619047619
948,0.0,0.0,0.0,0.0,
949,0.5390258823529411,0.0,0.0,0.0,0.5011547619047619
950,0.34610232558139536,0.0,0.0,0.0,0.3255714285714286
951,0.0,0.0,0.0,0.0,
952,0.34610232558139536,0.0,0.0,0.0,0.3255714285714286
953,0.0,0.0,0.0,0.0,
954,0.34610232558139536,0.0,0.0,0.0,0.3255714285714286
955,2.587764705882353,0.0,0.0,0.0,2.52625
956,0.5390258823529411,0.0,0.0,0.0,0.5011547619047619
957,0.34610232558139536,0.0,0.0,0.0,0.3255714285714286
958,0.0,0.0,0.0,0.0,
959,0.5390258823529411,0.0,0.0,0.0,0.5011547619047619
960,0.34610232558139536,0.0,0.0,0.0,0.3255714285714286
961,0.34610232558139536,0.0,0.0,0.0,0.3255714285714286
962,1.950975,0.0,0.0,0.0,1.8705000000000003
963,0.5390258823529411,0.0,0.0,0.0,0.5011547619047619
964,0.5390258823529411,0.0,0.0,0.0,0.5011547619047619
965,0.34610232558139536,0.0,0.0,0.0,0.3255714285714286
966,0.34610232558139536,0.0,0.0,0.0,0.3255714285714286
967,0.0,0.0,0.0,0.0,
968,0.5390258823529411,0.0,0.0,0.0,0.5011547619047619
969,0.5390258823529411,0.0,0.0,0.0,0.5011547619047619
970,0.34610232558139536,0.0,0.0,0.0,0.3255714285714286
971,0.5390258823529411,0.0,0.0,0.0,0.5011547619047619
972,0.34610232558139536,0.0,0.0,0.0,0.3255714285714286
973,0.5390258823529411,0.0,0.0,0.0,0.5011547619047619
974,0.34610232558139536,0.0,0.0,0.0,0.3255714285714286
975,0.5390258823529411,0.0,0.0,0.0,0.5011547619047619
976,0.5390258823529411,0.0,0.0,0.0,0.5011547619047619
977,0.34610232558139536,0.0,0.0,0.0,0.3255714285714286
978,0.5390258823529411,0.0,0.0,0.0,0.5011547619047619
979,0.5390258823529411,0.0,0.0,0.0,0.5011547619047619
980,0.34610232558139536,0.0,0.0,0.0,0.3255714285714286
981,0.5390258823529411,0.0,0.0,0.0,0.5011547619047619
982,0.5390258823529411,0.0,0.0,0.0,0.5011547619047619
983,0.5390258823529411,0.0,0.0,0.0,0.5011547619047619
984,0.34610232558139536,0.0,0.0,0.0,0.3255714285714286
985,0.8918,0.0,0.0,0.0,1.0324300000000002
986,0.34610232558139536,0.0,0.0,0.0,0.3255714285714286
987,1.950975,0.0,0.0,0.0,1.8705000000000003
988,0.5390258823529411,0.0,0.0,0.0,0.5011547619047619
989,0.5390258823529411,0.0,0.0,0.0,0.5011547619047619
990,0.5390258823529411,0.0,0.0,0.0,0.5011547619047619
991,0.8918,0.0,0.0,0.0,1.0324300000000002
992,0.0,0.0,0.0,0.0,
993,0.8918,0.0,0.0,0.0,1.0324300000000002
994,0.5390258823529411,0.0,0.0,0.0,0.5011547619047619
995,1.950975,0.0,0.0,0.0,1.8705000000000003
996,1.950975,0.0,0.0,0.0,1.8705000000000003
997,0.5390258823529411,0.0,0.0,0.0,0.5011547619047619
998,6.230250000000001,0.0,0.0,0.0,7.6325
999,0.5390258823529411,0.0,0.0,0.0,0.5011547619047619
1000,0.34610232558139536,0.0,0.0,0.0,0.3255714285714286
1001,0.5390258823529411,0.0,0.0,0.0,0.5011547619047619
1002,0.5390258823529411,0.0,0.0,0.0,0.5011547619047619
1003,0.34610232558139536,0.0,0.0,0.0,0.3255714285714286
1004,0.8918,0.0,0.0,0.0,1.0324300000000002
1005,0.0,0.0,0.0,0.0,
1006,0.8918,0.0,0.0,0.0,1.0324300000000002
1007,0.5390258823529411,0.0,0.0,0.0,0.5011547619047619
1008,1.950975,0.0,0.0,0.0,1.8705000000000003
1009,0.34610232558139536,0.0,0.0,0.0,0.3255714285714286
1010,1.950975,0.0,0.0,0.0,1.8705000000000003
1011,0.5390258823529411,0.0,0.0,0.0,0.5011547619047619
1012,0.5390258823529411,0.0,0.0,0.0,0.5011547619047619
1013,0.0,0.0,0.0,0.0,
1014,0.8918,0.0,0.0,0.0,1.0324300000000002
1015,6.230250000000001,0.0,0.0,0.0,7.6325
1016,0.8918,0.0,0.0,0.0,1.0324300000000002
1017,0.5390258823529411,0.0,0.0,0.0,0.5011547619047619
1018,0.5390258823529411,0.0,0.0,0.0,0.5011547619047619
1019,0.5390258823529411,0.0,0.0,0.0,0.5011547619047619
1020,1.950975,0.0,0.0,0.0,1.8705000000000003
1021,0.8918,0.0,0.0,0.0,1.0324300000000002
1022,0.5390258823529411,0.0,0.0,0.0,0.5011547619047619
1023,0.5390258823529411,0.0,0.0,0.0,0.5011547619047619
1024,1.950975,0.0,0.0,0.0,1.8705000000000003
1025,1.950975,0.0,0.0,0.0,1.8705000000000003
1026,0.0,0.0,0.0,0.0,
1027,0.0,0.0,0.0,0.0,
1028,0.5390258823529411,0.0,0.0,0.0,0.5011547619047619
1029,0.8918,0.0,0.0,0.0,1.0324300000000002
1030,0.8918,0.0,0.0,0.0,1.0324300000000002
1031,1.950975,0.0,0.0,0.0,1.8705000000000003
1032,0.8918,0.0,0.0,0.0,1.0324300000000002
1033,0.0,0.0,0.0,0.0,
1034,1.950975,0.0,0.0,0.0,1.8705000000000003
1035,0.0,0.0,0.0,0.0,
1036,0.0,0.0,0.0,0.0,
1037,0.5390258823529411,0.0,0.0,0.0,0.5011547619047619
1038,0.5390258823529411,0.0,0.0,0.0,0.5011547619047619
1039,0.5390258823529411,0.0,0.0,0.0,0.5011547619047619
1040,0.5390258823529411,0.0,0.0,0.0,0.5011547619047619
1041,0.8918,0.0,0.0,0.0,1.0324300000000002
1042,0.5390258823529411,0.0,0.0,0.0,0.5011547619047619
1043,1.2753,0.0,0.0,0.0,2.3435
1044,0.5390258823529411,0.0,0.0,0.0,0.5011547619047619
1045,0.8918,0.0,0.0,0.0,1.0324300000000002
1046,0.5390258823529411,0.0,0.0,0.0,0.5011547619047619
1047,0.0,0.0,0.0,0.0,
1048,0.8918,0.0,0.0,0.0,1.0324300000000002
1049,0.8918,0.0,0.0,0.0,1.0324300000000002
1050,0.0,0.0,0.0,0.0,
1051,0.8918,0.0,0.0,0.0,1.0324300000000002
1052,0.5390258823529411,0.0,0.0,0.0,0.5011547619047619
1053,6.230250000000001,0.0,0.0,0.0,7.6325
1054,0.0,0.0,0.0,0.0,
1055,2.587764705882353,0.0,0.0,0.0,2.52625
1056,1.950975,0.0,0.0,0.0,1.8705000000000003
1057,0.0,0.0,0.0,0.0,
1058,1.950975,0.0,0.0,0.0,1.8705000000000003
1059,0.8918,0.0,0.0,0.0,1.0324300000000002
1060,1.950975,0.0,0.0,0.0,1.8705000000000003
1061,0.8918,0.0,0.0,0.0,1.0324300000000002
1062,1.950975,0.0,0.0,0.0,1.8705000000000003
1063,0.5390258823529411,0.0,0.0,0.0,0.5011547619047619
1064,0.8918,0.0,0.0,0.0,1.0324300000000002
1065,0.5390258823529411,0.0,0.0,0.0,0.5011547619047619
1066,0.8918,0.0,0.0,0.0,1.0324300000000002
1067,0.8918,0.0,0.0,0.0,1.0324300000000002
1068,0.5390258823529411,0.0,0.0,0.0,0.5011547619047619
1069,0.8918,0.0,0.0,0.0,1.0324300000000002
1070,1.950975,0.0,0.0,0.0,1.8705000000000003
1071,0.8918,0.0,0.0,0.0,1.0324300000000002
