,Voter Deletion,Minimal Flips,Ballot Completion,Minimal Swaps,Forbidden Triples
0,0.0,0.0,0.0,0.0,0.0
1,2.0,0.0,0.0,1.0,1.0
2,1.0,1.0,1.0,1.0,1.0
3,2.0,1.0,1.0,1.0,1.0
4,3.0,1.0,2.0,2.0,2.0
5,3.0,0.0,0.0,0.0,0.0
6,7.0,7.0,0.0,0.0,0.0
7,2.0,1.0,0.0,1.0,1.0
8,0.0,0.0,0.0,0.0,0.0
9,1.0,1.0,0.0,0.0,0.0
10,5.0,1.0,2.0,1.0,8.0
11,5.0,5.0,2.0,0.0,2.0
12,5.0,3.0,1.0,2.0,2.0
13,3.0,1.0,1.0,1.0,2.0
14,2.0,0.0,0.0,1.0,0.0
15,1.0,1.0,1.0,0.0,1.0
16,4.0,2.0,0.0,0.0,0.0
17,1.0,1.0,1.0,1.0,1.0
18,1.0,1.0,1.0,0.0,0.0
19,2.0,2.0,2.0,0.0,1.0
20,2.0,2.0,1.0,1.0,1.0
21,3.0,2.0,1.0,1.0,2.0
22,4.0,5.0,1.0,1.0,5.0
23,1.0,1.0,0.0,0.0,0.0
24,5.0,2.0,1.0,2.0,1.0
25,2.0,2.0,2.0,1.0,0.0
26,1.0,0.0,0.0,0.0,0.0
27,0.0,1.0,1.0,0.0,0.0
28,1.0,0.0,0.0,0.0,1.0
29,1.0,2.0,0.0,1.0,0.0
30,2.0,1.0,1.0,1.0,0.0
31,1.0,1.0,0.0,0.0,0.0
32,1.0,1.0,1.0,1.0,1.0
33,8.0,1.0,8.0,0.0,0.0
34,0.0,0.0,0.0,0.0,0.0
35,1.0,2.0,1.0,1.0,2.0
36,3.0,1.0,0.0,0.0,0.0
37,1.0,1.0,1.0,1.0,3.0
38,0.0,0.0,0.0,0.0,0.0
39,1.0,0.0,0.0,0.0,0.0
40,2.0,2.0,1.0,2.0,3.0
41,0.0,0.0,0.0,0.0,0.0
42,3.0,3.0,1.0,1.0,0.0
43,1.0,1.0,0.0,0.0,0.0
44,2.0,8.0,2.0,1.0,0.0
45,0.0,0.0,0.0,1.0,1.0
46,0.0,0.0,0.0,0.0,0.0
47,1.0,1.0,0.0,0.0,1.0
48,2.0,2.0,1.0,1.0,1.0
49,2.0,1.0,1.0,1.0,1.0
50,2.0,2.0,2.0,0.0,0.0
51,0.0,0.0,0.0,0.0,0.0
52,0.0,0.0,0.0,1.0,0.0
53,3.0,1.0,3.0,1.0,1.0
54,0.0,0.0,0.0,1.0,0.0
55,0.0,0.0,1.0,0.0,0.0
56,3.0,1.0,2.0,0.0,1.0
57,2.0,1.0,0.0,0.0,1.0
58,3.0,2.0,2.0,2.0,2.0
59,10.0,2.0,1.0,2.0,2.0
60,0.0,0.0,0.0,0.0,0.0
61,1.0,1.0,2.0,2.0,2.0
62,0.0,0.0,0.0,0.0,0.0
63,2.0,0.0,0.0,0.0,0.0
64,1.0,0.0,0.0,0.0,0.0
65,2.0,1.0,1.0,1.0,0.0
66,2.0,1.0,1.0,1.0,1.0
67,9.0,1.0,1.0,0.0,0.0
68,2.0,2.0,1.0,0.0,1.0
69,1.0,1.0,1.0,1.0,0.0
70,3.0,1.0,2.0,1.0,1.0
71,0.0,0.0,0.0,0.0,0.0
72,1.0,1.0,1.0,0.0,0.0
73,1.0,0.0,1.0,1.0,1.0
74,2.0,2.0,2.0,1.0,2.0
75,1.0,0.0,0.0,0.0,0.0
76,1.0,1.0,0.0,0.0,1.0
77,2.0,1.0,1.0,1.0,1.0
78,1.0,1.0,0.0,0.0,0.0
79,0.0,0.0,0.0,0.0,0.0
80,1.0,1.0,0.0,0.0,0.0
81,3.0,0.0,0.0,0.0,0.0
82,1.0,2.0,0.0,0.0,1.0
83,2.0,0.0,0.0,1.0,1.0
84,1.0,0.0,0.0,0.0,0.0
85,0.0,0.0,0.0,1.0,0.0
86,1.0,0.0,0.0,1.0,1.0
87,2.0,1.0,0.0,0.0,0.0
88,7.0,0.0,0.0,1.0,1.0
89,1.0,2.0,1.0,1.0,0.0
90,0.0,1.0,1.0,2.0,1.0
91,1.0,1.0,1.0,1.0,1.0
92,1.0,0.0,1.0,0.0,1.0
93,2.0,8.0,9.0,3.0,8.0
94,3.0,2.0,2.0,1.0,1.0
95,3.0,2.0,2.0,2.0,1.0
96,2.0,2.0,1.0,1.0,1.0
97,7.0,8.0,6.0,6.0,6.0
98,3.0,1.0,1.0,1.0,1.0
99,4.0,3.0,1.0,3.0,3.0
100,1.0,1.0,0.0,0.0,0.0
101,2.0,2.0,1.0,1.0,2.0
102,0.0,1.0,0.0,1.0,1.0
103,0.0,0.0,0.0,0.0,0.0
104,1.0,1.0,1.0,1.0,2.0
105,1.0,1.0,1.0,1.0,1.0
106,3.0,0.0,1.0,1.0,1.0
107,0.0,0.0,0.0,0.0,0.0
108,2.0,2.0,2.0,1.0,2.0
109,1.0,1.0,0.0,0.0,1.0
110,3.0,2.0,0.0,0.0,1.0
111,0.0,0.0,0.0,0.0,0.0
112,0.0,1.0,0.0,0.0,0.0
113,0.0,0.0,0.0,0.0,0.0
114,1.0,0.0,0.0,1.0,1.0
115,2.0,6.0,0.0,0.0,0.0
116,1.0,1.0,1.0,1.0,1.0
117,2.0,2.0,2.0,1.0,2.0
118,2.0,1.0,1.0,1.0,1.0
119,1.0,1.0,1.0,1.0,1.0
120,1.0,1.0,1.0,1.0,1.0
121,1.0,2.0,2.0,2.0,1.0
122,1.0,1.0,2.0,2.0,2.0
123,2.0,2.0,0.0,1.0,1.0
124,0.0,0.0,0.0,0.0,0.0
125,0.0,0.0,0.0,0.0,0.0
126,2.0,2.0,1.0,0.0,1.0
127,1.0,0.0,0.0,0.0,0.0
128,0.0,0.0,0.0,0.0,0.0
129,0.0,0.0,0.0,1.0,0.0
130,1.0,2.0,1.0,1.0,2.0
131,2.0,2.0,0.0,0.0,1.0
132,1.0,1.0,1.0,1.0,0.0
133,0.0,0.0,0.0,0.0,0.0
134,1.0,2.0,1.0,0.0,0.0
135,0.0,2.0,0.0,0.0,0.0
136,3.0,1.0,1.0,1.0,1.0
137,0.0,0.0,0.0,0.0,0.0
138,1.0,1.0,0.0,0.0,1.0
139,1.0,1.0,1.0,1.0,1.0
140,0.0,0.0,2.0,0.0,0.0
141,0.0,1.0,0.0,1.0,1.0
142,2.0,2.0,1.0,1.0,1.0
143,3.0,3.0,2.0,3.0,3.0
144,2.0,2.0,2.0,1.0,1.0
145,2.0,2.0,2.0,2.0,2.0
146,3.0,10.0,2.0,2.0,6.0
147,0.0,0.0,0.0,0.0,0.0
148,3.0,0.0,0.0,0.0,0.0
149,0.0,0.0,0.0,0.0,0.0
150,2.0,1.0,0.0,0.0,0.0
151,4.0,8.0,0.0,0.0,0.0
152,1.0,0.0,0.0,0.0,0.0
153,1.0,0.0,2.0,2.0,0.0
154,1.0,0.0,0.0,1.0,0.0
155,4.0,2.0,0.0,0.0,1.0
156,0.0,1.0,1.0,3.0,3.0
157,3.0,4.0,1.0,1.0,1.0
158,1.0,2.0,1.0,1.0,1.0
159,1.0,1.0,0.0,1.0,4.0
160,0.0,0.0,0.0,0.0,0.0
161,2.0,2.0,0.0,0.0,0.0
162,0.0,0.0,0.0,0.0,0.0
163,1.0,2.0,1.0,1.0,1.0
164,2.0,1.0,2.0,2.0,1.0
165,3.0,1.0,0.0,0.0,0.0
166,1.0,1.0,0.0,0.0,0.0
167,2.0,3.0,0.0,0.0,1.0
168,1.0,0.0,0.0,0.0,0.0
169,2.0,2.0,2.0,2.0,1.0
170,1.0,1.0,1.0,0.0,0.0
171,3.0,3.0,1.0,2.0,2.0
172,0.0,0.0,0.0,0.0,0.0
173,0.0,0.0,0.0,0.0,0.0
174,0.0,0.0,0.0,0.0,0.0
175,0.0,1.0,1.0,0.0,0.0
176,2.0,2.0,1.0,1.0,1.0
177,3.0,0.0,2.0,1.0,0.0
178,4.0,1.0,1.0,1.0,1.0
179,0.0,0.0,0.0,0.0,0.0
180,9.0,6.0,8.0,6.0,1.0
181,0.0,0.0,2.0,2.0,0.0
182,2.0,1.0,1.0,0.0,0.0
183,1.0,2.0,0.0,0.0,0.0
184,0.0,0.0,0.0,0.0,0.0
185,2.0,3.0,2.0,2.0,2.0
186,3.0,2.0,1.0,1.0,0.0
187,2.0,2.0,0.0,2.0,2.0
188,3.0,2.0,2.0,2.0,2.0
189,4.0,2.0,1.0,1.0,0.0
190,1.0,1.0,1.0,1.0,0.0
191,0.0,0.0,0.0,0.0,1.0
192,1.0,0.0,0.0,0.0,0.0
193,1.0,1.0,1.0,0.0,0.0
194,1.0,2.0,0.0,0.0,0.0
195,1.0,0.0,0.0,0.0,1.0
196,2.0,1.0,1.0,1.0,1.0
197,1.0,1.0,0.0,0.0,0.0
198,0.0,0.0,0.0,0.0,0.0
199,0.0,1.0,0.0,0.0,0.0
200,1.0,1.0,0.0,0.0,0.0
201,2.0,2.0,1.0,1.0,1.0
202,1.0,1.0,0.0,0.0,0.0
203,1.0,0.0,1.0,1.0,1.0
204,1.0,1.0,1.0,0.0,1.0
205,1.0,1.0,0.0,0.0,0.0
206,1.0,1.0,1.0,1.0,1.0
207,1.0,3.0,1.0,1.0,1.0
208,6.0,6.0,2.0,8.0,6.0
209,1.0,1.0,1.0,0.0,1.0
210,1.0,1.0,1.0,0.0,0.0
211,1.0,3.0,1.0,0.0,1.0
212,1.0,0.0,2.0,1.0,1.0
213,3.0,0.0,0.0,0.0,0.0
214,1.0,1.0,0.0,1.0,1.0
215,1.0,2.0,1.0,1.0,0.0
216,1.0,0.0,1.0,1.0,1.0
217,0.0,0.0,2.0,1.0,1.0
218,3.0,1.0,0.0,0.0,0.0
219,1.0,0.0,0.0,0.0,0.0
220,3.0,2.0,2.0,2.0,1.0
221,1.0,1.0,1.0,1.0,1.0
222,1.0,1.0,1.0,1.0,1.0
223,1.0,1.0,0.0,0.0,0.0
224,0.0,1.0,0.0,0.0,0.0
225,0.0,0.0,0.0,0.0,0.0
226,1.0,0.0,0.0,0.0,1.0
227,0.0,0.0,0.0,0.0,0.0
228,1.0,1.0,1.0,1.0,0.0
229,9.0,1.0,5.0,1.0,1.0
230,2.0,0.0,0.0,0.0,0.0
231,5.0,5.0,5.0,5.0,5.0
232,3.0,3.0,2.0,2.0,1.0
233,1.0,1.0,1.0,1.0,1.0
234,2.0,0.0,2.0,2.0,1.0
235,0.0,1.0,1.0,1.0,2.0
236,5.0,5.0,4.0,4.0,2.0
237,1.0,1.0,8.0,1.0,2.0
238,1.0,1.0,1.0,1.0,1.0
239,3.0,2.0,1.0,1.0,1.0
240,3.0,4.0,1.0,2.0,1.0
241,2.0,2.0,2.0,1.0,1.0
242,2.0,2.0,2.0,2.0,2.0
243,1.0,1.0,1.0,1.0,1.0
244,3.0,0.0,0.0,0.0,0.0
245,0.0,0.0,0.0,0.0,0.0
246,1.0,2.0,0.0,0.0,1.0
247,2.0,1.0,1.0,1.0,0.0
248,1.0,1.0,3.0,3.0,1.0
249,1.0,1.0,0.0,0.0,0.0
250,2.0,1.0,1.0,0.0,0.0
251,1.0,1.0,0.0,0.0,1.0
252,0.0,1.0,1.0,1.0,0.0
253,1.0,1.0,1.0,1.0,0.0
254,3.0,1.0,0.0,0.0,0.0
255,1.0,1.0,2.0,1.0,2.0
256,1.0,1.0,2.0,1.0,1.0
257,2.0,1.0,1.0,1.0,1.0
258,1.0,1.0,1.0,1.0,1.0
259,1.0,2.0,1.0,1.0,0.0
260,0.0,0.0,0.0,0.0,0.0
261,1.0,2.0,1.0,0.0,1.0
262,4.0,4.0,4.0,3.0,3.0
263,0.0,0.0,0.0,0.0,0.0
264,1.0,6.0,1.0,1.0,5.0
265,2.0,1.0,0.0,0.0,0.0
266,1.0,1.0,0.0,0.0,0.0
267,2.0,1.0,1.0,1.0,1.0
268,0.0,1.0,0.0,1.0,0.0
269,0.0,0.0,0.0,0.0,0.0
270,3.0,2.0,1.0,0.0,0.0
271,2.0,2.0,2.0,2.0,1.0
272,0.0,0.0,0.0,1.0,0.0
273,1.0,0.0,0.0,0.0,0.0
274,0.0,0.0,1.0,0.0,0.0
275,0.0,0.0,0.0,0.0,0.0
276,0.0,1.0,0.0,0.0,0.0
277,1.0,1.0,1.0,0.0,0.0
278,3.0,1.0,1.0,1.0,1.0
279,3.0,1.0,0.0,0.0,1.0
280,3.0,1.0,1.0,1.0,1.0
281,5.0,1.0,5.0,5.0,0.0
282,1.0,0.0,0.0,0.0,0.0
283,3.0,3.0,3.0,0.0,0.0
284,0.0,0.0,0.0,0.0,0.0
285,0.0,3.0,0.0,0.0,0.0
286,4.0,2.0,0.0,0.0,1.0
287,3.0,2.0,2.0,2.0,2.0
288,0.0,0.0,0.0,0.0,0.0
289,1.0,2.0,1.0,1.0,2.0
290,3.0,1.0,4.0,3.0,1.0
291,1.0,1.0,1.0,1.0,0.0
292,3.0,3.0,3.0,2.0,2.0
293,10.0,0.0,1.0,1.0,0.0
294,0.0,0.0,1.0,1.0,0.0
295,6.0,3.0,3.0,2.0,2.0
296,0.0,1.0,0.0,0.0,0.0
297,2.0,3.0,1.0,1.0,1.0
298,2.0,2.0,2.0,1.0,1.0
299,2.0,1.0,2.0,2.0,1.0
300,1.0,0.0,0.0,0.0,0.0
301,1.0,0.0,0.0,0.0,0.0
302,0.0,2.0,1.0,1.0,1.0
303,4.0,3.0,2.0,2.0,2.0
304,2.0,1.0,1.0,1.0,1.0
305,2.0,3.0,2.0,1.0,1.0
306,0.0,2.0,1.0,2.0,0.0
307,2.0,3.0,3.0,2.0,1.0
308,0.0,0.0,1.0,1.0,1.0
309,1.0,0.0,0.0,0.0,0.0
310,1.0,1.0,4.0,2.0,1.0
311,1.0,0.0,0.0,0.0,0.0
312,2.0,2.0,5.0,1.0,1.0
313,1.0,2.0,2.0,2.0,1.0
314,2.0,2.0,0.0,0.0,1.0
315,1.0,2.0,1.0,0.0,0.0
316,0.0,0.0,0.0,0.0,0.0
317,1.0,0.0,1.0,0.0,0.0
318,0.0,0.0,0.0,0.0,0.0
319,1.0,0.0,0.0,0.0,0.0
320,0.0,0.0,1.0,0.0,0.0
321,1.0,0.0,0.0,0.0,1.0
322,1.0,1.0,1.0,2.0,2.0
323,2.0,2.0,2.0,3.0,2.0
324,4.0,2.0,1.0,2.0,2.0
325,1.0,1.0,0.0,1.0,0.0
326,2.0,3.0,3.0,3.0,3.0
327,0.0,0.0,0.0,0.0,1.0
328,2.0,2.0,1.0,0.0,1.0
329,0.0,0.0,0.0,0.0,0.0
330,3.0,0.0,0.0,0.0,0.0
331,9.0,1.0,0.0,0.0,0.0
332,1.0,1.0,2.0,1.0,2.0
333,1.0,1.0,0.0,0.0,0.0
334,2.0,1.0,0.0,2.0,1.0
335,0.0,0.0,1.0,3.0,1.0
336,3.0,1.0,1.0,1.0,1.0
337,0.0,0.0,0.0,0.0,0.0
338,0.0,1.0,0.0,0.0,0.0
339,2.0,2.0,1.0,1.0,1.0
340,3.0,3.0,2.0,2.0,2.0
341,1.0,1.0,1.0,1.0,1.0
342,0.0,0.0,0.0,0.0,0.0
343,1.0,1.0,1.0,1.0,1.0
344,0.0,2.0,1.0,1.0,1.0
345,0.0,1.0,0.0,1.0,0.0
346,5.0,2.0,0.0,1.0,1.0
347,2.0,2.0,0.0,0.0,0.0
348,1.0,3.0,1.0,0.0,1.0
349,2.0,1.0,1.0,1.0,2.0
350,4.0,2.0,1.0,2.0,2.0
351,1.0,1.0,1.0,1.0,0.0
352,2.0,0.0,0.0,0.0,1.0
353,1.0,1.0,1.0,1.0,1.0
354,6.0,2.0,2.0,3.0,2.0
355,0.0,0.0,0.0,0.0,0.0
356,0.0,0.0,0.0,0.0,0.0
357,2.0,0.0,0.0,0.0,0.0
358,2.0,2.0,2.0,2.0,1.0
359,3.0,3.0,3.0,0.0,1.0
360,2.0,3.0,1.0,1.0,1.0
361,1.0,0.0,1.0,1.0,1.0
362,0.0,0.0,0.0,0.0,0.0
363,0.0,0.0,0.0,0.0,0.0
364,3.0,0.0,1.0,1.0,1.0
365,0.0,1.0,0.0,0.0,0.0
366,1.0,1.0,1.0,0.0,0.0
367,1.0,0.0,0.0,0.0,0.0
368,2.0,1.0,1.0,1.0,1.0
369,1.0,1.0,1.0,0.0,0.0
370,1.0,1.0,1.0,1.0,1.0
371,1.0,3.0,1.0,1.0,0.0
372,0.0,0.0,0.0,0.0,0.0
373,5.0,4.0,1.0,3.0,1.0
374,0.0,0.0,1.0,2.0,2.0
375,2.0,1.0,0.0,0.0,1.0
376,0.0,0.0,0.0,0.0,0.0
377,1.0,1.0,0.0,0.0,0.0
378,1.0,0.0,0.0,0.0,0.0
379,0.0,0.0,4.0,0.0,2.0
380,1.0,1.0,0.0,0.0,0.0
381,3.0,0.0,0.0,1.0,0.0
382,3.0,2.0,0.0,0.0,0.0
383,0.0,0.0,0.0,0.0,0.0
384,2.0,1.0,0.0,0.0,0.0
385,6.0,2.0,1.0,0.0,1.0
386,7.0,1.0,2.0,1.0,1.0
387,2.0,0.0,1.0,0.0,0.0
388,3.0,3.0,0.0,0.0,0.0
389,0.0,1.0,1.0,1.0,1.0
390,1.0,0.0,0.0,0.0,0.0
391,2.0,2.0,2.0,1.0,1.0
392,2.0,0.0,1.0,0.0,0.0
393,1.0,2.0,0.0,1.0,2.0
394,4.0,10.0,2.0,2.0,1.0
395,1.0,1.0,1.0,1.0,0.0
396,0.0,2.0,1.0,0.0,0.0
397,0.0,0.0,0.0,0.0,0.0
398,1.0,0.0,2.0,0.0,0.0
399,2.0,0.0,0.0,0.0,0.0
400,9.0,4.0,3.0,3.0,3.0
401,1.0,1.0,1.0,0.0,0.0
402,1.0,1.0,1.0,1.0,1.0
403,5.0,1.0,0.0,0.0,1.0
404,0.0,0.0,1.0,1.0,1.0
405,1.0,0.0,1.0,0.0,0.0
406,1.0,1.0,1.0,1.0,0.0
407,1.0,0.0,0.0,0.0,0.0
408,2.0,2.0,1.0,1.0,1.0
409,4.0,0.0,0.0,0.0,0.0
410,0.0,2.0,1.0,0.0,1.0
411,2.0,1.0,0.0,0.0,1.0
412,9.0,2.0,2.0,2.0,2.0
413,2.0,3.0,0.0,1.0,2.0
414,2.0,1.0,2.0,3.0,2.0
415,0.0,0.0,0.0,0.0,0.0
416,2.0,3.0,2.0,2.0,2.0
417,0.0,0.0,0.0,0.0,0.0
418,1.0,1.0,1.0,2.0,1.0
419,2.0,0.0,0.0,0.0,0.0
420,7.0,1.0,0.0,1.0,1.0
421,2.0,1.0,1.0,0.0,0.0
422,0.0,0.0,0.0,0.0,0.0
423,2.0,1.0,1.0,1.0,2.0
424,2.0,1.0,1.0,1.0,1.0
425,2.0,1.0,2.0,2.0,2.0
426,1.0,1.0,0.0,0.0,1.0
427,3.0,2.0,2.0,2.0,0.0
428,2.0,1.0,2.0,0.0,1.0
429,2.0,2.0,1.0,1.0,2.0
430,0.0,2.0,0.0,0.0,1.0
431,0.0,0.0,0.0,0.0,0.0
432,0.0,0.0,0.0,0.0,0.0
433,1.0,1.0,0.0,0.0,1.0
434,0.0,0.0,0.0,0.0,0.0
435,1.0,2.0,2.0,0.0,1.0
436,0.0,1.0,0.0,0.0,0.0
437,0.0,1.0,0.0,0.0,0.0
438,1.0,1.0,2.0,2.0,1.0
439,0.0,0.0,0.0,0.0,0.0
440,0.0,1.0,0.0,0.0,1.0
441,1.0,1.0,0.0,0.0,0.0
442,6.0,2.0,1.0,1.0,0.0
443,2.0,2.0,1.0,0.0,0.0
444,0.0,0.0,0.0,0.0,0.0
445,2.0,2.0,2.0,2.0,1.0
446,1.0,1.0,0.0,0.0,1.0
447,4.0,1.0,0.0,0.0,3.0
448,0.0,0.0,0.0,0.0,0.0
449,2.0,3.0,1.0,1.0,0.0
450,0.0,1.0,0.0,0.0,0.0
451,2.0,2.0,2.0,2.0,2.0
452,3.0,3.0,2.0,1.0,1.0
453,1.0,2.0,1.0,1.0,1.0
454,2.0,2.0,2.0,1.0,2.0
455,1.0,0.0,0.0,0.0,0.0
456,1.0,0.0,0.0,0.0,0.0
457,1.0,1.0,1.0,1.0,1.0
458,1.0,2.0,3.0,2.0,1.0
459,1.0,2.0,0.0,0.0,0.0
460,2.0,2.0,1.0,0.0,1.0
461,0.0,0.0,0.0,0.0,0.0
462,2.0,1.0,0.0,0.0,0.0
463,2.0,0.0,0.0,0.0,0.0
464,1.0,0.0,1.0,1.0,1.0
465,7.0,7.0,2.0,0.0,0.0
466,1.0,2.0,0.0,1.0,0.0
467,2.0,1.0,0.0,1.0,0.0
468,0.0,0.0,0.0,1.0,1.0
469,10.0,6.0,9.0,6.0,5.0
470,1.0,1.0,1.0,1.0,1.0
471,2.0,1.0,1.0,1.0,1.0
472,1.0,2.0,0.0,1.0,0.0
473,2.0,0.0,0.0,0.0,0.0
474,2.0,1.0,1.0,0.0,0.0
475,1.0,1.0,0.0,0.0,0.0
476,2.0,1.0,2.0,0.0,0.0
477,0.0,0.0,0.0,0.0,0.0
478,0.0,0.0,0.0,0.0,0.0
479,1.0,0.0,0.0,0.0,0.0
480,0.0,1.0,0.0,1.0,0.0
481,2.0,1.0,0.0,0.0,0.0
482,6.0,10.0,10.0,0.0,0.0
483,1.0,2.0,1.0,1.0,1.0
484,1.0,0.0,0.0,0.0,2.0
485,4.0,2.0,1.0,5.0,2.0
486,1.0,1.0,0.0,0.0,0.0
487,1.0,0.0,0.0,2.0,1.0
488,4.0,2.0,4.0,4.0,4.0
489,2.0,1.0,1.0,1.0,1.0
490,0.0,0.0,0.0,0.0,0.0
491,2.0,1.0,1.0,2.0,1.0
492,2.0,0.0,1.0,1.0,0.0
493,1.0,0.0,0.0,0.0,0.0
494,1.0,1.0,1.0,1.0,1.0
495,1.0,1.0,1.0,0.0,1.0
496,1.0,1.0,0.0,0.0,0.0
497,1.0,1.0,1.0,0.0,0.0
498,1.0,1.0,0.0,0.0,0.0
499,2.0,1.0,0.0,0.0,0.0
500,5.0,1.0,0.0,0.0,0.0
501,3.0,1.0,4.0,3.0,1.0
502,0.0,0.0,0.0,1.0,0.0
503,1.0,0.0,0.0,0.0,0.0
504,2.0,1.0,0.0,0.0,0.0
505,0.0,2.0,0.0,0.0,0.0
506,0.0,0.0,0.0,0.0,1.0
507,0.0,0.0,0.0,1.0,0.0
508,1.0,1.0,1.0,0.0,0.0
509,1.0,1.0,0.0,0.0,0.0
510,1.0,0.0,2.0,1.0,1.0
511,2.0,5.0,2.0,2.0,2.0
512,0.0,0.0,0.0,0.0,0.0
513,5.0,0.0,0.0,0.0,0.0
514,1.0,9.0,1.0,1.0,0.0
515,1.0,2.0,1.0,1.0,0.0
516,1.0,1.0,1.0,1.0,1.0
517,1.0,1.0,0.0,1.0,0.0
518,2.0,2.0,1.0,1.0,1.0
519,1.0,1.0,0.0,0.0,0.0
520,0.0,0.0,2.0,2.0,2.0
521,0.0,0.0,0.0,0.0,0.0
522,0.0,1.0,1.0,0.0,1.0
523,2.0,2.0,1.0,1.0,1.0
524,0.0,0.0,1.0,0.0,0.0
525,0.0,1.0,0.0,1.0,0.0
526,0.0,1.0,1.0,1.0,1.0
527,0.0,1.0,0.0,0.0,0.0
528,0.0,0.0,0.0,0.0,0.0
529,2.0,2.0,1.0,0.0,1.0
530,0.0,0.0,0.0,1.0,1.0
531,1.0,1.0,1.0,0.0,0.0
532,1.0,1.0,0.0,0.0,0.0
533,8.0,3.0,8.0,0.0,0.0
534,1.0,1.0,0.0,0.0,0.0
535,1.0,0.0,0.0,0.0,0.0
536,2.0,2.0,1.0,1.0,1.0
537,2.0,0.0,0.0,1.0,1.0
538,3.0,3.0,2.0,1.0,0.0
539,1.0,2.0,2.0,2.0,1.0
540,1.0,1.0,1.0,1.0,1.0
541,0.0,0.0,0.0,0.0,9.0
542,3.0,0.0,1.0,1.0,1.0
543,0.0,0.0,0.0,1.0,0.0
544,1.0,1.0,0.0,0.0,0.0
545,0.0,0.0,0.0,0.0,0.0
546,2.0,2.0,1.0,0.0,1.0
547,0.0,1.0,0.0,0.0,0.0
548,1.0,1.0,1.0,1.0,0.0
549,1.0,0.0,0.0,0.0,0.0
550,10.0,2.0,1.0,0.0,0.0
551,0.0,0.0,0.0,1.0,1.0
552,1.0,1.0,1.0,1.0,0.0
553,4.0,2.0,1.0,2.0,2.0
554,1.0,0.0,1.0,0.0,0.0
555,4.0,3.0,3.0,2.0,3.0
556,0.0,0.0,0.0,0.0,0.0
557,1.0,1.0,0.0,1.0,1.0
558,3.0,3.0,1.0,1.0,1.0
559,1.0,0.0,0.0,0.0,0.0
560,1.0,1.0,1.0,0.0,0.0
561,1.0,0.0,0.0,0.0,0.0
562,2.0,4.0,0.0,1.0,1.0
563,1.0,1.0,1.0,1.0,0.0
564,2.0,2.0,1.0,1.0,2.0
565,0.0,0.0,1.0,1.0,0.0
566,1.0,0.0,0.0,0.0,0.0
567,1.0,1.0,1.0,1.0,1.0
568,1.0,0.0,2.0,1.0,0.0
569,2.0,1.0,0.0,0.0,0.0
570,2.0,0.0,2.0,1.0,1.0
571,0.0,0.0,0.0,0.0,0.0
572,4.0,2.0,0.0,1.0,1.0
573,4.0,2.0,1.0,1.0,1.0
574,1.0,3.0,0.0,1.0,1.0
575,4.0,3.0,3.0,1.0,1.0
576,1.0,0.0,0.0,0.0,0.0
577,2.0,0.0,0.0,0.0,0.0
578,1.0,1.0,1.0,1.0,1.0
579,1.0,2.0,3.0,2.0,0.0
580,3.0,2.0,1.0,2.0,2.0
581,0.0,0.0,0.0,0.0,0.0
582,9.0,4.0,2.0,1.0,1.0
583,1.0,0.0,0.0,0.0,0.0
584,5.0,0.0,0.0,0.0,0.0
585,0.0,3.0,0.0,0.0,0.0
586,2.0,2.0,2.0,2.0,2.0
587,0.0,0.0,0.0,0.0,0.0
588,2.0,1.0,1.0,1.0,1.0
589,1.0,1.0,0.0,0.0,0.0
590,1.0,1.0,1.0,1.0,0.0
591,0.0,0.0,1.0,1.0,0.0
592,0.0,1.0,0.0,1.0,0.0
593,1.0,4.0,2.0,1.0,1.0
594,5.0,5.0,1.0,1.0,2.0
595,0.0,0.0,1.0,0.0,0.0
596,0.0,0.0,0.0,0.0,0.0
597,1.0,4.0,0.0,1.0,1.0
598,1.0,1.0,0.0,1.0,1.0
599,0.0,0.0,0.0,0.0,0.0
600,0.0,1.0,0.0,1.0,1.0
601,1.0,1.0,7.0,1.0,0.0
602,1.0,2.0,1.0,1.0,0.0
603,0.0,0.0,0.0,0.0,0.0
604,0.0,0.0,0.0,0.0,0.0
605,0.0,0.0,1.0,1.0,1.0
606,1.0,1.0,0.0,1.0,1.0
607,1.0,1.0,1.0,1.0,1.0
608,2.0,0.0,0.0,0.0,0.0
609,0.0,0.0,0.0,0.0,0.0
610,2.0,2.0,1.0,0.0,0.0
611,3.0,0.0,0.0,0.0,1.0
612,0.0,0.0,0.0,0.0,0.0
613,1.0,0.0,1.0,0.0,0.0
614,0.0,5.0,0.0,4.0,4.0
615,1.0,1.0,0.0,0.0,0.0
616,1.0,2.0,1.0,0.0,1.0
617,1.0,0.0,3.0,0.0,1.0
618,2.0,2.0,2.0,2.0,1.0
619,0.0,0.0,0.0,0.0,0.0
620,1.0,0.0,1.0,2.0,2.0
621,2.0,0.0,1.0,0.0,0.0
622,0.0,0.0,0.0,0.0,0.0
623,0.0,0.0,0.0,0.0,0.0
624,2.0,2.0,2.0,1.0,1.0
625,0.0,8.0,1.0,1.0,1.0
626,1.0,0.0,1.0,1.0,1.0
627,2.0,1.0,1.0,0.0,0.0
628,1.0,2.0,2.0,1.0,1.0
629,0.0,0.0,1.0,1.0,0.0
630,0.0,1.0,0.0,0.0,0.0
631,7.0,2.0,5.0,3.0,4.0
632,4.0,1.0,4.0,1.0,1.0
633,0.0,0.0,0.0,0.0,0.0
634,0.0,1.0,0.0,0.0,1.0
635,1.0,1.0,2.0,2.0,1.0
636,1.0,1.0,1.0,1.0,1.0
637,0.0,1.0,1.0,1.0,1.0
638,1.0,1.0,1.0,0.0,0.0
639,3.0,3.0,0.0,1.0,1.0
640,0.0,0.0,0.0,0.0,0.0
641,1.0,1.0,2.0,1.0,1.0
642,1.0,1.0,1.0,0.0,0.0
643,1.0,1.0,1.0,1.0,0.0
644,2.0,1.0,1.0,0.0,1.0
645,1.0,2.0,1.0,1.0,2.0
646,3.0,3.0,3.0,2.0,3.0
647,2.0,1.0,0.0,1.0,1.0
648,1.0,1.0,1.0,1.0,1.0
649,0.0,0.0,0.0,0.0,0.0
650,0.0,0.0,0.0,0.0,0.0
651,0.0,0.0,1.0,1.0,0.0
652,1.0,2.0,0.0,0.0,0.0
653,2.0,0.0,1.0,1.0,1.0
654,2.0,0.0,0.0,0.0,0.0
655,1.0,0.0,0.0,0.0,0.0
656,0.0,0.0,0.0,0.0,1.0
657,2.0,1.0,2.0,1.0,0.0
658,1.0,2.0,2.0,1.0,1.0
659,8.0,2.0,2.0,1.0,1.0
660,0.0,7.0,1.0,1.0,0.0
661,1.0,2.0,1.0,0.0,0.0
662,0.0,0.0,0.0,0.0,0.0
663,2.0,2.0,1.0,0.0,0.0
664,1.0,1.0,0.0,0.0,0.0
665,1.0,0.0,0.0,1.0,0.0
666,1.0,1.0,0.0,0.0,0.0
667,0.0,0.0,0.0,0.0,0.0
668,1.0,1.0,0.0,0.0,0.0
669,0.0,1.0,1.0,1.0,0.0
670,3.0,2.0,3.0,3.0,2.0
671,2.0,1.0,1.0,1.0,1.0
672,1.0,0.0,0.0,1.0,0.0
673,2.0,2.0,2.0,1.0,1.0
674,1.0,1.0,0.0,0.0,0.0
675,1.0,4.0,1.0,0.0,0.0
676,0.0,0.0,0.0,0.0,0.0
677,0.0,0.0,1.0,1.0,2.0
678,2.0,1.0,2.0,1.0,1.0
679,0.0,1.0,1.0,0.0,1.0
680,1.0,1.0,1.0,1.0,1.0
681,0.0,0.0,0.0,0.0,0.0
682,0.0,0.0,0.0,0.0,0.0
683,1.0,0.0,0.0,0.0,0.0
684,3.0,2.0,1.0,1.0,2.0
685,2.0,1.0,1.0,1.0,1.0
686,2.0,2.0,1.0,2.0,1.0
687,5.0,5.0,2.0,2.0,0.0
688,1.0,0.0,0.0,0.0,0.0
689,1.0,2.0,1.0,1.0,0.0
690,1.0,1.0,0.0,1.0,1.0
691,2.0,0.0,0.0,0.0,0.0
692,2.0,2.0,1.0,1.0,1.0
693,1.0,1.0,3.0,2.0,2.0
694,1.0,0.0,1.0,0.0,0.0
695,2.0,3.0,3.0,3.0,3.0
696,1.0,2.0,0.0,0.0,0.0
697,0.0,0.0,0.0,0.0,1.0
698,2.0,1.0,3.0,2.0,1.0
699,1.0,2.0,1.0,1.0,1.0
700,3.0,1.0,1.0,1.0,1.0
701,2.0,2.0,0.0,1.0,1.0
702,4.0,4.0,0.0,1.0,1.0
703,1.0,1.0,0.0,0.0,1.0
704,2.0,2.0,2.0,2.0,2.0
705,1.0,2.0,1.0,1.0,0.0
706,3.0,1.0,0.0,1.0,1.0
707,2.0,4.0,3.0,2.0,2.0
708,5.0,1.0,1.0,1.0,2.0
709,0.0,1.0,0.0,0.0,0.0
710,3.0,1.0,1.0,0.0,0.0
711,1.0,1.0,1.0,0.0,0.0
712,1.0,0.0,0.0,0.0,0.0
713,2.0,2.0,0.0,0.0,0.0
714,1.0,1.0,1.0,1.0,0.0
715,3.0,1.0,1.0,0.0,0.0
716,1.0,4.0,4.0,4.0,1.0
717,2.0,2.0,1.0,0.0,1.0
718,9.0,2.0,3.0,3.0,1.0
719,1.0,1.0,1.0,0.0,1.0
720,3.0,6.0,4.0,5.0,4.0
721,1.0,0.0,1.0,0.0,1.0
722,1.0,0.0,0.0,0.0,0.0
723,2.0,1.0,1.0,1.0,1.0
724,4.0,1.0,1.0,1.0,0.0
725,2.0,1.0,2.0,2.0,2.0
726,2.0,1.0,3.0,1.0,1.0
727,4.0,4.0,4.0,4.0,1.0
728,1.0,1.0,1.0,1.0,1.0
729,0.0,0.0,0.0,0.0,0.0
730,5.0,2.0,2.0,2.0,1.0
731,3.0,1.0,0.0,0.0,2.0
732,2.0,1.0,0.0,0.0,0.0
733,0.0,1.0,0.0,0.0,0.0
734,2.0,1.0,1.0,0.0,0.0
735,1.0,1.0,1.0,1.0,1.0
736,0.0,0.0,1.0,0.0,1.0
737,1.0,1.0,0.0,0.0,0.0
738,1.0,1.0,0.0,0.0,0.0
739,0.0,0.0,0.0,0.0,0.0
740,5.0,5.0,2.0,3.0,0.0
741,3.0,0.0,0.0,0.0,2.0
742,4.0,8.0,1.0,1.0,2.0
743,1.0,1.0,1.0,1.0,1.0
744,1.0,1.0,0.0,0.0,0.0
745,5.0,5.0,2.0,2.0,1.0
746,1.0,1.0,0.0,0.0,0.0
747,0.0,0.0,0.0,0.0,0.0
748,0.0,0.0,0.0,0.0,0.0
749,3.0,2.0,2.0,3.0,2.0
750,0.0,1.0,0.0,1.0,0.0
751,1.0,0.0,0.0,0.0,0.0
752,1.0,1.0,2.0,1.0,1.0
753,2.0,1.0,1.0,1.0,1.0
754,0.0,0.0,0.0,0.0,0.0
755,2.0,3.0,2.0,2.0,2.0
756,2.0,0.0,0.0,0.0,0.0
757,3.0,0.0,2.0,1.0,1.0
758,1.0,0.0,1.0,0.0,0.0
759,2.0,2.0,1.0,1.0,1.0
760,5.0,1.0,0.0,0.0,0.0
761,2.0,2.0,2.0,0.0,1.0
762,1.0,1.0,1.0,1.0,0.0
763,7.0,3.0,2.0,2.0,2.0
764,2.0,0.0,0.0,0.0,0.0
765,1.0,1.0,1.0,1.0,1.0
766,1.0,1.0,1.0,1.0,1.0
767,0.0,0.0,0.0,0.0,0.0
768,0.0,0.0,0.0,0.0,0.0
769,2.0,1.0,1.0,0.0,0.0
770,0.0,0.0,0.0,0.0,0.0
771,1.0,0.0,0.0,1.0,1.0
772,0.0,0.0,0.0,0.0,0.0
773,0.0,2.0,0.0,0.0,1.0
774,2.0,0.0,0.0,1.0,0.0
775,1.0,1.0,1.0,1.0,1.0
776,1.0,1.0,1.0,0.0,0.0
777,1.0,5.0,1.0,1.0,1.0
778,2.0,3.0,3.0,3.0,3.0
779,3.0,2.0,1.0,0.0,1.0
780,0.0,1.0,0.0,0.0,0.0
781,1.0,2.0,1.0,0.0,0.0
782,1.0,0.0,1.0,1.0,0.0
783,2.0,2.0,1.0,0.0,1.0
784,1.0,1.0,1.0,0.0,0.0
785,2.0,0.0,0.0,0.0,0.0
786,2.0,0.0,0.0,0.0,0.0
787,5.0,3.0,3.0,3.0,3.0
788,2.0,2.0,1.0,1.0,1.0
789,1.0,2.0,0.0,0.0,0.0
790,2.0,2.0,1.0,1.0,1.0
791,2.0,2.0,1.0,1.0,0.0
792,0.0,0.0,0.0,0.0,0.0
793,2.0,5.0,0.0,1.0,1.0
794,1.0,1.0,1.0,0.0,0.0
795,6.0,1.0,3.0,2.0,2.0
796,1.0,2.0,2.0,2.0,1.0
797,1.0,1.0,1.0,1.0,0.0
798,1.0,1.0,0.0,0.0,0.0
799,1.0,1.0,1.0,1.0,1.0
800,2.0,2.0,2.0,2.0,2.0
801,1.0,1.0,1.0,1.0,0.0
802,3.0,2.0,0.0,0.0,0.0
803,2.0,2.0,0.0,0.0,0.0
804,1.0,1.0,0.0,1.0,0.0
805,1.0,1.0,2.0,2.0,2.0
806,5.0,6.0,3.0,0.0,1.0
807,1.0,0.0,0.0,0.0,1.0
808,2.0,1.0,1.0,1.0,1.0
809,2.0,2.0,1.0,1.0,0.0
810,2.0,1.0,1.0,1.0,1.0
811,1.0,1.0,0.0,2.0,1.0
812,0.0,1.0,0.0,0.0,0.0
813,1.0,1.0,1.0,1.0,1.0
814,0.0,0.0,0.0,0.0,0.0
815,2.0,1.0,1.0,1.0,2.0
816,0.0,2.0,1.0,1.0,0.0
817,1.0,2.0,0.0,0.0,0.0
818,9.0,1.0,1.0,6.0,1.0
819,1.0,0.0,1.0,1.0,1.0
820,1.0,0.0,0.0,0.0,0.0
821,1.0,2.0,1.0,1.0,1.0
822,1.0,1.0,1.0,1.0,0.0
823,3.0,3.0,1.0,2.0,2.0
824,0.0,0.0,0.0,0.0,0.0
825,1.0,1.0,0.0,0.0,0.0
826,1.0,0.0,1.0,1.0,1.0
827,0.0,0.0,0.0,0.0,0.0
828,1.0,2.0,2.0,2.0,1.0
829,3.0,1.0,2.0,1.0,2.0
830,2.0,2.0,1.0,1.0,0.0
831,1.0,1.0,0.0,0.0,0.0
832,0.0,2.0,0.0,1.0,1.0
833,2.0,1.0,1.0,1.0,0.0
834,1.0,1.0,1.0,1.0,1.0
835,0.0,0.0,1.0,0.0,0.0
836,2.0,0.0,0.0,0.0,0.0
837,2.0,2.0,0.0,0.0,0.0
838,3.0,2.0,2.0,1.0,0.0
839,2.0,0.0,1.0,3.0,1.0
840,2.0,1.0,1.0,1.0,1.0
841,1.0,1.0,1.0,1.0,0.0
842,2.0,1.0,1.0,0.0,0.0
843,1.0,1.0,0.0,0.0,1.0
844,2.0,1.0,0.0,0.0,1.0
845,0.0,3.0,0.0,1.0,0.0
846,0.0,1.0,0.0,0.0,0.0
847,3.0,0.0,0.0,0.0,0.0
848,1.0,1.0,3.0,2.0,1.0
849,2.0,0.0,0.0,0.0,0.0
850,1.0,1.0,0.0,0.0,0.0
851,2.0,2.0,1.0,1.0,1.0
852,1.0,0.0,1.0,0.0,0.0
853,1.0,1.0,1.0,1.0,2.0
854,3.0,0.0,2.0,1.0,1.0
855,1.0,1.0,1.0,1.0,1.0
856,1.0,1.0,1.0,1.0,1.0
857,4.0,1.0,0.0,0.0,0.0
858,1.0,0.0,1.0,1.0,1.0
859,0.0,1.0,0.0,0.0,0.0
860,1.0,0.0,0.0,0.0,0.0
861,2.0,0.0,1.0,1.0,1.0
862,2.0,1.0,1.0,1.0,2.0
863,4.0,3.0,2.0,0.0,0.0
864,1.0,1.0,1.0,0.0,0.0
865,0.0,1.0,0.0,1.0,1.0
866,1.0,1.0,0.0,0.0,0.0
867,1.0,2.0,1.0,1.0,1.0
868,1.0,1.0,1.0,1.0,1.0
869,1.0,0.0,0.0,0.0,0.0
870,1.0,0.0,0.0,0.0,0.0
871,2.0,1.0,0.0,0.0,1.0
872,2.0,9.0,1.0,0.0,0.0
873,3.0,1.0,1.0,1.0,2.0
874,1.0,1.0,0.0,0.0,0.0
875,2.0,2.0,2.0,2.0,2.0
876,3.0,1.0,2.0,2.0,5.0
877,3.0,3.0,0.0,0.0,0.0
878,4.0,0.0,0.0,1.0,1.0
879,1.0,5.0,0.0,0.0,1.0
880,2.0,2.0,2.0,2.0,2.0
881,1.0,1.0,1.0,0.0,1.0
882,4.0,3.0,4.0,0.0,4.0
883,0.0,0.0,0.0,0.0,0.0
884,4.0,3.0,3.0,3.0,2.0
885,1.0,1.0,1.0,1.0,1.0
886,1.0,0.0,1.0,1.0,1.0
887,2.0,0.0,1.0,1.0,1.0
888,7.0,10.0,1.0,1.0,0.0
889,2.0,2.0,1.0,2.0,2.0
890,1.0,1.0,0.0,0.0,0.0
891,1.0,1.0,1.0,0.0,0.0
892,0.0,0.0,0.0,1.0,2.0
893,2.0,1.0,1.0,1.0,2.0
894,1.0,2.0,1.0,1.0,0.0
895,8.0,1.0,0.0,0.0,0.0
896,3.0,1.0,1.0,0.0,0.0
897,0.0,0.0,0.0,0.0,0.0
898,3.0,0.0,0.0,0.0,0.0
899,1.0,2.0,1.0,1.0,1.0
900,1.0,1.0,1.0,0.0,0.0
901,1.0,1.0,1.0,1.0,1.0
902,2.0,6.0,0.0,0.0,0.0
903,1.0,1.0,1.0,0.0,1.0
904,1.0,2.0,0.0,0.0,1.0
905,2.0,2.0,2.0,1.0,2.0
906,0.0,0.0,0.0,0.0,0.0
907,1.0,0.0,0.0,0.0,1.0
908,5.0,1.0,1.0,1.0,2.0
909,5.0,5.0,5.0,5.0,0.0
910,0.0,0.0,0.0,0.0,0.0
911,3.0,2.0,4.0,1.0,0.0
912,2.0,8.0,1.0,0.0,1.0
913,1.0,1.0,1.0,2.0,2.0
914,0.0,0.0,0.0,0.0,0.0
915,3.0,0.0,0.0,0.0,0.0
916,1.0,1.0,0.0,0.0,1.0
917,3.0,2.0,1.0,1.0,1.0
918,1.0,1.0,0.0,0.0,0.0
919,2.0,1.0,2.0,0.0,0.0
920,2.0,2.0,2.0,2.0,1.0
921,1.0,0.0,0.0,1.0,1.0
922,1.0,0.0,0.0,0.0,1.0
923,2.0,1.0,1.0,0.0,1.0
924,0.0,0.0,0.0,0.0,0.0
925,3.0,2.0,1.0,2.0,1.0
926,0.0,0.0,0.0,0.0,0.0
927,3.0,0.0,0.0,0.0,0.0
928,2.0,2.0,1.0,1.0,1.0
929,2.0,2.0,1.0,0.0,0.0
930,0.0,2.0,1.0,1.0,1.0
931,1.0,1.0,1.0,1.0,1.0
932,8.0,0.0,0.0,0.0,0.0
933,6.0,10.0,2.0,1.0,6.0
934,0.0,0.0,0.0,0.0,0.0
935,4.0,0.0,0.0,0.0,0.0
936,1.0,2.0,1.0,1.0,1.0
937,0.0,0.0,1.0,1.0,1.0
938,1.0,0.0,0.0,0.0,0.0
939,3.0,1.0,2.0,2.0,2.0
940,1.0,1.0,1.0,0.0,0.0
941,2.0,1.0,1.0,1.0,1.0
942,3.0,2.0,2.0,2.0,3.0
943,3.0,3.0,3.0,7.0,3.0
944,2.0,1.0,1.0,1.0,1.0
945,0.0,1.0,0.0,0.0,0.0
946,1.0,1.0,1.0,4.0,4.0
947,5.0,1.0,1.0,1.0,1.0
948,1.0,2.0,3.0,3.0,1.0
949,2.0,2.0,0.0,0.0,0.0
950,1.0,1.0,0.0,1.0,0.0
951,3.0,2.0,1.0,1.0,1.0
952,0.0,1.0,0.0,0.0,1.0
953,0.0,0.0,0.0,0.0,0.0
954,1.0,0.0,0.0,0.0,0.0
955,4.0,2.0,1.0,0.0,1.0
956,0.0,0.0,0.0,0.0,0.0
957,3.0,1.0,6.0,0.0,0.0
958,1.0,0.0,1.0,1.0,0.0
959,0.0,3.0,4.0,4.0,2.0
960,1.0,0.0,0.0,2.0,1.0
961,0.0,0.0,0.0,0.0,0.0
962,1.0,1.0,1.0,0.0,1.0
963,1.0,0.0,1.0,0.0,0.0
964,2.0,2.0,1.0,1.0,0.0
965,1.0,1.0,1.0,1.0,1.0
966,1.0,1.0,1.0,0.0,0.0
967,5.0,2.0,1.0,1.0,0.0
968,1.0,2.0,2.0,0.0,1.0
969,2.0,2.0,1.0,1.0,2.0
970,3.0,1.0,1.0,2.0,0.0
971,0.0,1.0,1.0,0.0,1.0
972,1.0,0.0,0.0,0.0,0.0
973,1.0,0.0,0.0,0.0,0.0
974,0.0,0.0,1.0,0.0,1.0
975,2.0,1.0,1.0,1.0,1.0
976,0.0,0.0,0.0,0.0,0.0
977,0.0,0.0,0.0,0.0,0.0
978,6.0,1.0,0.0,0.0,0.0
979,1.0,0.0,1.0,1.0,0.0
980,1.0,0.0,0.0,0.0,0.0
981,0.0,0.0,0.0,0.0,1.0
982,3.0,2.0,2.0,1.0,1.0
983,6.0,0.0,0.0,0.0,0.0
984,1.0,0.0,0.0,0.0,1.0
985,0.0,1.0,2.0,2.0,2.0
986,2.0,6.0,2.0,2.0,1.0
987,1.0,0.0,0.0,0.0,0.0
988,2.0,0.0,1.0,1.0,1.0
989,3.0,1.0,0.0,0.0,0.0
990,3.0,3.0,3.0,2.0,1.0
991,2.0,0.0,0.0,0.0,0.0
992,3.0,2.0,2.0,2.0,1.0
993,1.0,0.0,0.0,0.0,0.0
994,0.0,2.0,1.0,0.0,1.0
995,0.0,1.0,1.0,2.0,1.0
996,1.0,1.0,1.0,0.0,1.0
997,1.0,0.0,0.0,0.0,0.0
998,3.0,1.0,1.0,1.0,2.0
999,3.0,1.0,1.0,1.0,1.0
